image,breed
"[[[216 201 198]
  [215 200 197]
  [215 200 197]
  ...
  [202 190 191]
  [205 195 192]
  [213 202 198]]

 [[215 200 198]
  [207 192 190]
  [209 193 192]
  ...
  [199 189 193]
  [197 188 189]
  [200 191 190]]

 [[210 196 196]
  [204 190 190]
  [208 194 194]
  ...
  [144 137 144]
  [164 157 163]
  [185 178 183]]

 ...

 [[167 162 168]
  [170 163 176]
  [176 169 179]
  ...
  [224 213 218]
  [207 197 204]
  [194 186 193]]

 [[135 133 136]
  [153 147 165]
  [173 166 179]
  ...
  [185 174 178]
  [209 199 205]
  [223 217 225]]

 [[115 114 119]
  [122 118 135]
  [140 135 149]
  ...
  [206 196 200]
  [164 155 162]
  [178 173 183]]]",Chihuahua
"[[[ 33  35  75]
  [ 37  39  81]
  [ 43  43  89]
  ...
  [106 105  99]
  [104 107 102]
  [112 114 103]]

 [[ 36  39  72]
  [ 35  37  73]
  [ 40  42  80]
  ...
  [107 107  99]
  [102 105  99]
  [107 108 102]]

 [[ 39  41  80]
  [ 38  40  79]
  [ 39  40  81]
  ...
  [ 97  97  90]
  [110 113 109]
  [117 117 118]]

 ...

 [[ 27  28  34]
  [ 22  24  29]
  [ 29  30  35]
  ...
  [ 89 105 116]
  [100 112 124]
  [111 124 140]]

 [[ 27  28  33]
  [ 26  27  32]
  [ 30  31  36]
  ...
  [ 87 104 114]
  [ 95 107 119]
  [ 97 111 123]]

 [[ 22  23  28]
  [ 28  29  34]
  [ 28  29  34]
  ...
  [ 95 112 122]
  [100 111 123]
  [ 96 110 121]]]",Chihuahua
"[[[159 120 117]
  [103  81  85]
  [ 45  45  61]
  ...
  [145 182 210]
  [114 155 197]
  [119 153 190]]

 [[ 38  39  38]
  [ 46  56  61]
  [ 33  51  65]
  ...
  [129 177 213]
  [122 173 220]
  [124 168 210]]

 [[ 43  48  53]
  [ 51  63  72]
  [ 41  55  72]
  ...
  [100 156 203]
  [108 169 218]
  [106 159 205]]

 ...

 [[125  80  73]
  [132  72  63]
  [124  70  52]
  ...
  [133  15  33]
  [129  15  31]
  [145  28  45]]

 [[120  66  55]
  [124  62  49]
  [121  67  51]
  ...
  [128  13  30]
  [134  21  38]
  [147  29  47]]

 [[101  56  50]
  [106  57  45]
  [117  66  50]
  ...
  [123  15  30]
  [142  23  45]
  [140  18  38]]]",Chihuahua
"[[[120  79  49]
  [113  73  43]
  [106  67  38]
  ...
  [131  65  50]
  [139  74  64]
  [141  78  68]]

 [[118  77  46]
  [114  74  45]
  [107  68  39]
  ...
  [140  71  58]
  [147  81  71]
  [150  86  76]]

 [[117  75  45]
  [114  74  44]
  [108  69  40]
  ...
  [149  78  65]
  [157  89  80]
  [161  96  87]]

 ...

 [[166 122  95]
  [169 125  98]
  [166 122  95]
  ...
  [129  85  56]
  [137  93  64]
  [140  96  67]]

 [[174 130 103]
  [178 134 107]
  [173 129 102]
  ...
  [134  90  63]
  [136  92  66]
  [138  94  66]]

 [[163 119  92]
  [159 115  88]
  [166 122  95]
  ...
  [143 100  75]
  [139  95  70]
  [137  97  71]]]",Chihuahua
"[[[ 13  20  20]
  [ 15  25  24]
  [ 16  27  26]
  ...
  [221 227 232]
  [234 240 245]
  [178 194 180]]

 [[ 17  23  23]
  [ 16  24  23]
  [ 16  26  25]
  ...
  [208 216 215]
  [196 202 207]
  [136 150 139]]

 [[ 19  23  24]
  [ 20  26  26]
  [ 18  28  27]
  ...
  [180 190 179]
  [201 208 206]
  [163 176 165]]

 ...

 [[109  89  69]
  [150 131 114]
  [158 136 114]
  ...
  [170 161 144]
  [169 157 141]
  [160 148 132]]

 [[150 134 112]
  [151 139 122]
  [158 135 110]
  ...
  [179 171 154]
  [161 148 132]
  [154 143 124]]

 [[154 134 113]
  [168 156 139]
  [164 144 120]
  ...
  [152 143 125]
  [161 148 132]
  [161 150 131]]]",Chihuahua
"[[[76 81 41]
  [76 79 39]
  [73 73 32]
  ...
  [38 19  4]
  [37 18  3]
  [37 20  1]]

 [[86 96 59]
  [88 96 58]
  [84 90 49]
  ...
  [39 21  0]
  [38 20  0]
  [41 22  0]]

 [[58 44 22]
  [63 49 26]
  [60 45 20]
  ...
  [45 27  3]
  [44 27  2]
  [44 24  2]]

 ...

 [[43 22  3]
  [41 20  1]
  [41 20  2]
  ...
  [36 17  3]
  [35 16  2]
  [34 15  1]]

 [[44 23  5]
  [41 20  3]
  [42 21  4]
  ...
  [34 15  1]
  [34 15  1]
  [32 13  0]]

 [[43 22  5]
  [40 19  2]
  [40 19  2]
  ...
  [34 15  2]
  [34 15  2]
  [35 16  2]]]",Chihuahua
"[[[31 14  3]
  [30 13  3]
  [30 13  5]
  ...
  [29 10  6]
  [28  9  8]
  [26 11  8]]

 [[29 11  6]
  [28 10  6]
  [29 11  5]
  ...
  [29 10  6]
  [28  9  8]
  [26 11  8]]

 [[30 13  5]
  [29 12  5]
  [33 14  6]
  ...
  [28  9  6]
  [29 10  9]
  [27 12  9]]

 ...

 [[48 25 14]
  [47 25 14]
  [48 25 14]
  ...
  [23 16 18]
  [21 15 17]
  [19 13 15]]

 [[45 22 12]
  [49 24 14]
  [51 27 16]
  ...
  [21 15 17]
  [21 15 17]
  [21 15 17]]

 [[47 24 14]
  [50 23 14]
  [51 25 15]
  ...
  [19 13 15]
  [20 14 16]
  [19 13 15]]]",Chihuahua
"[[[62 14  9]
  [57 11  7]
  [53  9  7]
  ...
  [11  5  4]
  [13  5  3]
  [10  4  4]]

 [[60 13  7]
  [58 13  9]
  [53  9  7]
  ...
  [10  4  3]
  [12  4  2]
  [10  4  4]]

 [[62 14  9]
  [57 11  7]
  [53  9  7]
  ...
  [ 9  4  2]
  [11  3  1]
  [10  4  4]]

 ...

 [[ 0  0  0]
  [ 0  0  0]
  [ 1  1  1]
  ...
  [ 2  4  3]
  [ 4  4  1]
  [ 7  6  3]]

 [[ 1  1  1]
  [ 1  1  1]
  [ 0  0  0]
  ...
  [ 5  5  3]
  [ 5  5  1]
  [ 7  6  4]]

 [[ 1  1  1]
  [ 1  1  1]
  [ 0  0  0]
  ...
  [ 6  5  1]
  [ 7  5  1]
  [ 8  7  5]]]",Chihuahua
"[[[  2   3   8]
  [ 12  13  18]
  [ 11  12  17]
  ...
  [ 45  44  58]
  [ 47  44  58]
  [ 50  46  61]]

 [[  2   3   8]
  [ 14  15  20]
  [ 15  16  21]
  ...
  [ 46  45  58]
  [ 48  45  59]
  [ 48  44  58]]

 [[ 10  11  16]
  [ 17  18  23]
  [ 14  15  20]
  ...
  [ 39  37  48]
  [ 48  45  57]
  [ 48  45  56]]

 ...

 [[ 61  87  90]
  [ 59  87  92]
  [ 62  90  95]
  ...
  [ 84  86  81]
  [ 83  84  82]
  [ 81  81  82]]

 [[125 169 195]
  [135 182 208]
  [149 196 219]
  ...
  [ 80  84  79]
  [ 79  82  81]
  [ 74  77  79]]

 [[103 141 188]
  [127 174 212]
  [142 194 227]
  ...
  [ 82  83  79]
  [ 84  85  80]
  [ 83  85  79]]]",Chihuahua
"[[[173 114  47]
  [168 109  42]
  [156  96  32]
  ...
  [ 24  18  12]
  [ 27  18  13]
  [ 27  18  13]]

 [[171 113  40]
  [166 108  36]
  [164 105  35]
  ...
  [ 26  19  14]
  [ 27  18  13]
  [ 27  18  13]]

 [[165 108  32]
  [164 106  33]
  [168 109  40]
  ...
  [ 26  19  14]
  [ 27  18  13]
  [ 29  20  15]]

 ...

 [[ 21  18  13]
  [ 19  16  11]
  [ 21  18  13]
  ...
  [116  66  25]
  [109  65  26]
  [101  57  24]]

 [[ 21  18  13]
  [ 22  19  14]
  [ 22  19  14]
  ...
  [106  60  25]
  [ 97  57  24]
  [ 86  47  20]]

 [[ 23  20  15]
  [ 23  20  15]
  [ 23  20  15]
  ...
  [ 93  51  26]
  [ 87  48  24]
  [ 74  40  20]]]",Chihuahua
"[[[104  31   7]
  [115  37   8]
  [128  42   6]
  ...
  [ 76  19   5]
  [ 66  15   7]
  [ 64  15   6]]

 [[104  31   7]
  [115  37   8]
  [129  43   7]
  ...
  [ 78  20   5]
  [ 68  16   8]
  [ 64  14   4]]

 [[104  31   7]
  [115  37   8]
  [129  44   8]
  ...
  [ 81  22   6]
  [ 71  18   8]
  [ 67  16   5]]

 ...

 [[155  45  13]
  [159  46  13]
  [162  47  12]
  ...
  [171  43  13]
  [168  43  13]
  [166  43  12]]

 [[155  45  13]
  [158  46  13]
  [162  47  12]
  ...
  [173  45  15]
  [171  43  14]
  [167  42  12]]

 [[155  45  13]
  [159  46  13]
  [162  47  12]
  ...
  [173  43  13]
  [170  42  13]
  [168  41  12]]]",Chihuahua
"[[[ 92  94  91]
  [ 94  96  93]
  [ 96  98  95]
  ...
  [153 179 209]
  [151 178 209]
  [148 179 210]]

 [[ 93  95  92]
  [ 94  96  93]
  [ 96  98  95]
  ...
  [154 180 209]
  [152 179 209]
  [149 180 209]]

 [[ 94  96  93]
  [ 95  97  94]
  [ 96  98  95]
  ...
  [155 181 209]
  [153 180 209]
  [150 181 209]]

 ...

 [[ 82  87  67]
  [ 84  89  69]
  [ 83  88  68]
  ...
  [157 177 149]
  [157 177 149]
  [158 178 153]]

 [[ 82  87  67]
  [ 84  89  69]
  [ 83  88  68]
  ...
  [157 176 149]
  [155 176 149]
  [153 175 149]]

 [[ 82  87  67]
  [ 82  87  67]
  [ 83  88  68]
  ...
  [155 174 147]
  [155 175 148]
  [152 175 149]]]",Chihuahua
"[[[171 170 173]
  [172 172 171]
  [149 150 142]
  ...
  [ 47  53  17]
  [ 45  51  15]
  [ 46  52  19]]

 [[156 155 162]
  [164 164 167]
  [170 170 169]
  ...
  [ 50  56  20]
  [ 45  51  15]
  [ 47  53  19]]

 [[128 127 138]
  [145 145 153]
  [152 152 156]
  ...
  [ 55  63  26]
  [ 47  55  18]
  [ 48  54  19]]

 ...

 [[ 54  59  63]
  [ 55  60  64]
  [ 54  59  64]
  ...
  [ 39  39  39]
  [ 37  37  37]
  [ 34  36  35]]

 [[141 142 146]
  [141 142 147]
  [142 143 148]
  ...
  [ 36  36  36]
  [ 34  34  34]
  [ 31  33  32]]

 [[169 166 168]
  [175 172 173]
  [174 171 173]
  ...
  [ 33  33  33]
  [ 31  31  31]
  [ 29  31  30]]]",Chihuahua
"[[[ 23  13   8]
  [ 18   7   1]
  [ 23   9   1]
  ...
  [ 41  37  39]
  [ 28  25  29]
  [ 31  28  34]]

 [[ 21  11   7]
  [ 21  10   3]
  [ 24  10   2]
  ...
  [ 55  48  47]
  [ 39  34  35]
  [ 35  30  32]]

 [[ 22  13   7]
  [ 26  14   8]
  [ 28  14   5]
  ...
  [ 50  42  39]
  [ 36  29  26]
  [ 33  26  24]]

 ...

 [[ 96 100  97]
  [ 82  91  90]
  [ 83  93  96]
  ...
  [159 126  99]
  [168 134 107]
  [162 131 103]]

 [[ 92  92  86]
  [ 89  95  92]
  [ 71  81  82]
  ...
  [150 117  90]
  [164 129 102]
  [163 130 101]]

 [[111 108 102]
  [ 93  93  90]
  [ 96 100 101]
  ...
  [137 105  77]
  [161 126  98]
  [165 131 103]]]",Chihuahua
"[[[20 10  7]
  [16  9  6]
  [10  6  6]
  ...
  [17  8  9]
  [17  8  8]
  [11  3  9]]

 [[21 11  9]
  [18 10  8]
  [14  9  9]
  ...
  [24 15 17]
  [17  7  8]
  [13  3  6]]

 [[19 10  9]
  [16  7  8]
  [16  8  9]
  ...
  [17  8  9]
  [18  8  8]
  [21  9  9]]

 ...

 [[28 12 11]
  [40 20 11]
  [41 21 10]
  ...
  [35 14  9]
  [19 11 14]
  [15  8  9]]

 [[38 23 22]
  [48 25 14]
  [44 20  7]
  ...
  [48 23 16]
  [18  7  8]
  [13  9  6]]

 [[30 15 14]
  [55 28 13]
  [57 30 13]
  ...
  [62 27 18]
  [33 15 12]
  [13  8  7]]]",Chihuahua
"[[[138 144 130]
  [141 147 133]
  [143 149 135]
  ...
  [141 145 120]
  [143 147 121]
  [144 148 123]]

 [[137 143 130]
  [141 147 134]
  [139 145 131]
  ...
  [140 143 124]
  [138 141 122]
  [141 144 125]]

 [[133 139 127]
  [136 142 130]
  [128 134 123]
  ...
  [139 141 124]
  [135 138 121]
  [139 142 124]]

 ...

 [[222 223 228]
  [220 221 226]
  [224 225 230]
  ...
  [216 217 221]
  [217 218 222]
  [217 218 222]]

 [[218 219 224]
  [219 220 225]
  [225 226 231]
  ...
  [218 219 223]
  [219 220 224]
  [220 221 225]]

 [[222 223 228]
  [218 219 224]
  [220 221 226]
  ...
  [219 220 224]
  [219 220 224]
  [221 222 226]]]",Chihuahua
"[[[ 79  43  19]
  [ 79  43  19]
  [ 79  43  19]
  ...
  [ 74  33  21]
  [ 69  30  20]
  [ 65  26  18]]

 [[ 84  48  24]
  [ 84  48  24]
  [ 84  48  24]
  ...
  [ 83  40  22]
  [ 80  38  22]
  [ 77  37  21]]

 [[ 83  47  22]
  [ 83  47  22]
  [ 83  47  22]
  ...
  [ 85  39  13]
  [ 85  40  15]
  [ 84  41  16]]

 ...

 [[174 152 128]
  [176 156 131]
  [177 158 133]
  ...
  [188 171 151]
  [188 171 151]
  [185 168 148]]

 [[174 154 129]
  [175 155 130]
  [176 156 131]
  ...
  [192 175 155]
  [187 170 150]
  [189 172 152]]

 [[175 155 131]
  [177 157 133]
  [180 160 134]
  ...
  [195 178 158]
  [193 176 156]
  [192 175 155]]]",Chihuahua
"[[[ 59  66  48]
  [ 59  66  48]
  [ 57  64  46]
  ...
  [ 58  68  62]
  [ 53  57  53]
  [ 57  58  50]]

 [[ 56  63  47]
  [ 53  60  44]
  [ 49  56  40]
  ...
  [ 49  59  54]
  [ 47  51  47]
  [ 53  54  46]]

 [[ 52  58  48]
  [ 51  57  47]
  [ 51  57  47]
  ...
  [ 42  52  46]
  [ 45  49  44]
  [ 49  50  43]]

 ...

 [[233 248 255]
  [233 248 255]
  [234 249 255]
  ...
  [182 201 216]
  [180 199 214]
  [181 200 215]]

 [[233 248 255]
  [233 248 255]
  [234 249 255]
  ...
  [180 201 216]
  [180 201 215]
  [181 201 216]]

 [[233 248 255]
  [233 248 255]
  [234 249 255]
  ...
  [178 200 214]
  [177 199 214]
  [179 199 214]]]",Chihuahua
"[[[126 110  87]
  [117 100  76]
  [121 101  75]
  ...
  [116  93  62]
  [114  91  60]
  [112  89  58]]

 [[121 105  82]
  [125 108  84]
  [125 105  79]
  ...
  [116  93  62]
  [115  92  61]
  [114  91  60]]

 [[123 107  83]
  [135 118  94]
  [138 118  92]
  ...
  [118  95  64]
  [116  93  62]
  [116  93  62]]

 ...

 [[143 126  98]
  [138 121  93]
  [133 116  88]
  ...
  [128 117  89]
  [129 118  90]
  [130 117  90]]

 [[144 127  99]
  [140 123  95]
  [136 119  91]
  ...
  [129 118  90]
  [129 118  90]
  [126 116  87]]

 [[142 125  97]
  [142 125  97]
  [139 122  94]
  ...
  [127 116  88]
  [127 116  88]
  [126 115  87]]]",Chihuahua
"[[[ 30  26  23]
  [ 30  26  23]
  [ 31  27  24]
  ...
  [ 18  10   6]
  [ 22  14  10]
  [ 13   9   7]]

 [[ 31  27  24]
  [ 31  27  24]
  [ 32  28  25]
  ...
  [ 18  10   6]
  [ 22  14  10]
  [ 13   9   7]]

 [[ 33  29  26]
  [ 33  29  26]
  [ 34  30  27]
  ...
  [ 19  10   7]
  [ 22  14  10]
  [ 13   9   7]]

 ...

 [[146 188 252]
  [146 188 249]
  [149 192 250]
  ...
  [127 179 242]
  [121 172 239]
  [127 175 239]]

 [[142 186 248]
  [140 185 247]
  [147 191 250]
  ...
  [132 184 243]
  [130 178 246]
  [129 172 239]]

 [[138 182 245]
  [143 187 249]
  [146 190 250]
  ...
  [137 189 244]
  [135 183 246]
  [131 175 236]]]",Chihuahua
"[[[ 88  82  57]
  [ 95  87  55]
  [ 85  75  47]
  ...
  [152 144 140]
  [120 118 116]
  [127 118 110]]

 [[ 95  89  56]
  [106  96  58]
  [ 98  89  56]
  ...
  [129 104  88]
  [118 107 105]
  [118 109 107]]

 [[109 100  66]
  [108  97  57]
  [107  94  61]
  ...
  [150 120  95]
  [116 104  89]
  [110 103  91]]

 ...

 [[165 133  95]
  [126 105  66]
  [149 129  83]
  ...
  [143 108  66]
  [123 102  59]
  [ 90  82  47]]

 [[200 169 138]
  [195 170 141]
  [180 156 115]
  ...
  [143 113  72]
  [117  95  58]
  [ 42  24   4]]

 [[193 157 126]
  [192 164 137]
  [173 148 110]
  ...
  [185 149 103]
  [160 143 101]
  [ 92  72  49]]]",Chihuahua
"[[[148 212  93]
  [151 214 103]
  [146 212  94]
  ...
  [158 235 113]
  [157 231 108]
  [156 229 103]]

 [[152 222  95]
  [150 211 111]
  [143 199 100]
  ...
  [153 230  97]
  [149 222  96]
  [146 216  99]]

 [[147 212 103]
  [147 201 122]
  [146 190 115]
  ...
  [149 222  90]
  [153 224  94]
  [149 217  99]]

 ...

 [[ 98 140  52]
  [113 167  56]
  [114 169  57]
  ...
  [121 162  67]
  [133 191  74]
  [116 183  49]]

 [[112 155  72]
  [ 93 143  39]
  [112 161  49]
  ...
  [131 174  81]
  [148 201  95]
  [115 172  55]]

 [[ 93 135  43]
  [ 80 109  28]
  [ 97 135  34]
  ...
  [116 167  73]
  [155 214 120]
  [117 187  55]]]",Chihuahua
"[[[117 117 115]
  [109 109 107]
  [112 112 110]
  ...
  [246 249 236]
  [250 255 245]
  [255 255 248]]

 [[ 92  93  91]
  [ 80  81  78]
  [ 85  86  83]
  ...
  [238 239 230]
  [240 243 234]
  [240 245 237]]

 [[ 61  64  61]
  [ 43  47  43]
  [ 43  46  42]
  ...
  [208 207 195]
  [208 210 195]
  [203 208 192]]

 ...

 [[115 155  79]
  [117 159 105]
  [171 212 166]
  ...
  [120 171  98]
  [121 172  95]
  [121 171  92]]

 [[ 95 145  61]
  [118 164 104]
  [137 176 124]
  ...
  [135 179 111]
  [131 174 101]
  [127 169  94]]

 [[125 176 107]
  [153 195 137]
  [162 194 143]
  ...
  [140 179 115]
  [141 178 111]
  [132 170  92]]]",Chihuahua
"[[[ 87  85  90]
  [ 86  84  89]
  [ 85  83  88]
  ...
  [132 111 143]
  [157  61 109]
  [169  16  76]]

 [[ 82  80  83]
  [ 83  81  84]
  [ 85  83  86]
  ...
  [193 171 198]
  [195 109 146]
  [147  13  59]]

 [[ 89  87  90]
  [ 85  83  86]
  [ 80  78  81]
  ...
  [189 156 177]
  [122  44  68]
  [132  21  48]]

 ...

 [[107  85  83]
  [109  87  85]
  [109  87  86]
  ...
  [218  51  88]
  [225  43  84]
  [232  43  85]]

 [[ 99  71  69]
  [103  76  74]
  [107  81  81]
  ...
  [143  53  69]
  [197  59  89]
  [211  44  83]]

 [[ 83  52  51]
  [ 85  55  54]
  [ 87  58  57]
  ...
  [ 32   0   0]
  [ 94  13  27]
  [155  40  65]]]",Chihuahua
"[[[ 47  44  37]
  [ 51  47  41]
  [ 58  52  46]
  ...
  [ 96  88  77]
  [ 95  87  76]
  [ 92  87  73]]

 [[ 65  62  55]
  [ 66  63  56]
  [ 68  62  56]
  ...
  [117 109  98]
  [116 108  97]
  [113 107  94]]

 [[ 58  55  48]
  [ 60  57  50]
  [ 63  57  51]
  ...
  [118 110  99]
  [117 109  98]
  [115 108  96]]

 ...

 [[ 77  27  16]
  [ 79  27  15]
  [ 84  28  15]
  ...
  [ 84  53  40]
  [ 82  52  41]
  [ 81  51  40]]

 [[ 75  29  16]
  [ 75  26  13]
  [ 80  28  13]
  ...
  [ 84  54  41]
  [ 81  52  41]
  [ 79  52  39]]

 [[ 75  28  13]
  [ 76  26  12]
  [ 79  27  13]
  ...
  [ 79  50  39]
  [ 79  51  41]
  [ 77  50  38]]]",Chihuahua
"[[[155  95  88]
  [159  99  92]
  [159 100  92]
  ...
  [201 197 197]
  [180 174 181]
  [192 184 184]]

 [[150  92  93]
  [154  96  98]
  [155  99  95]
  ...
  [199 195 195]
  [174 169 177]
  [180 175 179]]

 [[153 103  94]
  [148  99  90]
  [155 103  97]
  ...
  [192 188 189]
  [184 178 187]
  [188 185 193]]

 ...

 [[162 120 103]
  [173 132 114]
  [170 131 112]
  ...
  [132 135 152]
  [131 134 151]
  [132 135 152]]

 [[158 110  95]
  [173 130 114]
  [174 135 117]
  ...
  [132 135 152]
  [132 135 152]
  [130 133 150]]

 [[165 124 111]
  [171 130 117]
  [172 135 117]
  ...
  [134 137 154]
  [131 134 151]
  [130 133 150]]]",Chihuahua
"[[[ 24  20   9]
  [ 27  23  12]
  [ 28  24  13]
  ...
  [ 28  26  15]
  [ 27  24  13]
  [ 33  32  22]]

 [[ 30  26  15]
  [ 32  28  17]
  [ 33  29  18]
  ...
  [ 59  53  42]
  [ 59  52  41]
  [ 48  46  36]]

 [[ 34  30  19]
  [ 35  31  20]
  [ 35  31  20]
  ...
  [ 80  68  56]
  [ 79  69  59]
  [ 70  65  57]]

 ...

 [[ 47  44  37]
  [ 49  46  39]
  [ 51  48  41]
  ...
  [ 90  90 102]
  [ 87  87  99]
  [ 81  81  93]]

 [[ 47  44  39]
  [ 49  46  41]
  [ 51  48  43]
  ...
  [ 84  84  96]
  [ 81  81  93]
  [ 77  77  89]]

 [[ 47  44  37]
  [ 48  45  38]
  [ 49  46  39]
  ...
  [ 83  83  95]
  [ 76  76  88]
  [ 72  72  84]]]",Chihuahua
"[[[122 101  73]
  [119 106  72]
  [119 115  75]
  ...
  [130 108  74]
  [135 109  78]
  [138 110  81]]

 [[121  98  70]
  [124 110  76]
  [116 111  73]
  ...
  [128 109  78]
  [133 111  82]
  [133 109  82]]

 [[127 104  73]
  [126 110  76]
  [118 112  75]
  ...
  [127 112  84]
  [132 114  89]
  [132 112  89]]

 ...

 [[231 224 208]
  [232 228 211]
  [224 225 208]
  ...
  [246 236 232]
  [245 232 227]
  [242 230 223]]

 [[223 217 201]
  [229 225 208]
  [225 225 209]
  ...
  [251 242 239]
  [246 234 230]
  [246 236 227]]

 [[233 226 210]
  [238 234 217]
  [235 235 219]
  ...
  [253 245 242]
  [251 242 237]
  [242 234 225]]]",Chihuahua
"[[[108 101  83]
  [124 118  98]
  [132 126 103]
  ...
  [ 87  71  46]
  [ 85  69  44]
  [ 80  64  39]]

 [[135 128 108]
  [152 146 123]
  [155 149 125]
  ...
  [ 92  76  51]
  [ 91  75  50]
  [ 86  70  45]]

 [[145 139 116]
  [159 153 129]
  [160 155 127]
  ...
  [ 92  76  51]
  [ 93  77  52]
  [ 87  71  46]]

 ...

 [[148 141 125]
  [165 158 142]
  [172 164 146]
  ...
  [148 141 125]
  [143 136 120]
  [127 119 108]]

 [[142 135 119]
  [161 154 137]
  [168 161 142]
  ...
  [141 134 118]
  [137 130 114]
  [122 114 103]]

 [[126 119 103]
  [143 136 119]
  [149 142 124]
  ...
  [124 117 101]
  [122 115  99]
  [109 101  90]]]",Chihuahua
"[[[192 166 105]
  [189 163 102]
  [189 163 102]
  ...
  [180 155  98]
  [179 154  97]
  [182 156  98]]

 [[188 162 101]
  [185 159  98]
  [186 160  99]
  ...
  [177 152  95]
  [176 151  94]
  [179 153  95]]

 [[190 164 103]
  [186 160  99]
  [188 162 101]
  ...
  [178 153  96]
  [177 152  95]
  [180 154  96]]

 ...

 [[ 21  17   6]
  [ 20  16   5]
  [ 19  16   5]
  ...
  [ 14  14   6]
  [ 13  13   5]
  [ 12  13   5]]

 [[ 21  17   6]
  [ 21  17   6]
  [ 24  20   9]
  ...
  [ 14  14   6]
  [ 13  13   5]
  [ 12  13   5]]

 [[ 24  20   9]
  [ 22  18   7]
  [ 24  20   9]
  ...
  [ 15  15   7]
  [ 14  14   6]
  [ 12  13   5]]]",Chihuahua
"[[[ 43  51  18]
  [ 38  47  13]
  [ 27  35   2]
  ...
  [ 65  66  37]
  [ 65  66  37]
  [ 59  67  45]]

 [[ 28  42   8]
  [ 29  42   8]
  [ 22  35   2]
  ...
  [ 77  78  52]
  [ 72  72  47]
  [ 62  70  48]]

 [[ 19  34   3]
  [ 19  34   4]
  [ 19  34   4]
  ...
  [ 94  94  71]
  [ 78  78  53]
  [ 61  69  47]]

 ...

 [[160 160 128]
  [169 170 138]
  [173 173 142]
  ...
  [167 167 146]
  [157 161 137]
  [164 168 147]]

 [[181 182 143]
  [189 189 151]
  [179 179 144]
  ...
  [164 169 145]
  [153 158 136]
  [162 167 145]]

 [[188 188 149]
  [192 192 155]
  [175 175 140]
  ...
  [163 169 144]
  [162 167 143]
  [167 173 146]]]",Chihuahua
"[[[226 126 225]
  [226 128 227]
  [225 129 227]
  ...
  [ 41  23  35]
  [ 39  22  33]
  [ 39  22  32]]

 [[226 126 225]
  [233 135 234]
  [228 132 230]
  ...
  [ 42  24  36]
  [ 40  23  34]
  [ 39  22  32]]

 [[222 122 221]
  [227 129 228]
  [229 132 231]
  ...
  [ 42  24  36]
  [ 41  23  35]
  [ 39  22  32]]

 ...

 [[227 220 231]
  [237 223 228]
  [175 151 163]
  ...
  [255 254 255]
  [255 254 255]
  [255 254 255]]

 [[228 219 229]
  [235 222 231]
  [187 166 176]
  ...
  [254 252 254]
  [253 251 254]
  [250 246 249]]

 [[227 219 228]
  [232 219 228]
  [199 178 188]
  ...
  [248 246 248]
  [242 240 244]
  [229 225 229]]]",Chihuahua
"[[[ 10   8  13]
  [  6   6  10]
  [  4   8   8]
  ...
  [ 86 113  62]
  [126 153 104]
  [134 157 111]]

 [[ 10   9  11]
  [  9  10  11]
  [  5   8   7]
  ...
  [ 99 117  54]
  [ 87 110  40]
  [ 99 123  48]]

 [[  8   9   9]
  [  9  11   9]
  [  7   9   6]
  ...
  [ 91 106  29]
  [ 91 108  24]
  [ 95 116  25]]

 ...

 [[255 255 255]
  [255 255 255]
  [255 255 255]
  ...
  [  7   7   7]
  [  8   8   8]
  [  7   7   7]]

 [[255 255 255]
  [255 255 255]
  [255 255 255]
  ...
  [  7   7   7]
  [  8   8   8]
  [  7   7   7]]

 [[255 255 255]
  [255 255 255]
  [255 255 255]
  ...
  [  7   7   7]
  [  6   6   6]
  [  6   6   6]]]",Chihuahua
"[[[ 30  17  28]
  [ 18   8  18]
  [ 99  97 125]
  ...
  [201 230 248]
  [200 229 247]
  [202 230 248]]

 [[ 20   7  15]
  [ 15   5  13]
  [ 78  76 103]
  ...
  [207 234 251]
  [203 230 247]
  [203 231 248]]

 [[ 16   4   5]
  [ 13   3   7]
  [ 71  69  96]
  ...
  [208 234 249]
  [208 234 249]
  [209 235 250]]

 ...

 [[ 19   4   3]
  [ 25   8   2]
  [ 32   9   4]
  ...
  [ 98  47  56]
  [ 94  47  55]
  [ 98  56  62]]

 [[ 19   4   1]
  [ 21   6   2]
  [ 20   5   6]
  ...
  [ 99  49  56]
  [100  52  58]
  [ 96  48  54]]

 [[ 17   4   2]
  [ 23   5   4]
  [ 25   7   6]
  ...
  [ 82  34  41]
  [ 80  35  41]
  [ 75  31  37]]]",Chihuahua
"[[[ 46  74 124]
  [ 47  75 125]
  [ 48  76 126]
  ...
  [ 56  65  68]
  [ 50  65  61]
  [ 55  71  81]]

 [[ 51  79 129]
  [ 50  78 128]
  [ 49  77 127]
  ...
  [ 50  61  47]
  [ 57  69  52]
  [ 70  82  71]]

 [[ 54  82 132]
  [ 54  82 132]
  [ 52  80 130]
  ...
  [ 75  84  87]
  [ 82  91  98]
  [ 87  97 102]]

 ...

 [[129  97  82]
  [125  93  78]
  [121  88  74]
  ...
  [ 56  66  25]
  [103 112  67]
  [ 46  54  20]]

 [[113  81  66]
  [108  76  61]
  [101  70  54]
  ...
  [ 65  84  39]
  [ 71  88  39]
  [ 71  88  45]]

 [[ 93  64  48]
  [ 87  60  43]
  [ 85  60  43]
  ...
  [ 74  92  57]
  [ 51  71  26]
  [ 76  96  48]]]",Chihuahua
"[[[116 129  85]
  [ 99 112  67]
  [ 94 105  59]
  ...
  [177 168 139]
  [158 149 118]
  [160 151 117]]

 [[111 119  78]
  [156 164 124]
  [112 119  77]
  ...
  [166 157 128]
  [117 108  76]
  [121 112  78]]

 [[109 111  75]
  [134 134  99]
  [127 125  91]
  ...
  [171 162 131]
  [147 138 106]
  [175 166 133]]

 ...

 [[166 140 117]
  [152 126 103]
  [171 145 122]
  ...
  [148 123  99]
  [124 100  76]
  [123  99  75]]

 [[200 174 151]
  [156 130 107]
  [171 145 122]
  ...
  [179 154 128]
  [172 147 120]
  [141 116  89]]

 [[180 154 131]
  [194 168 145]
  [171 145 122]
  ...
  [138 112  85]
  [179 152 125]
  [169 143 116]]]",Chihuahua
"[[[154  90 145]
  [140  80 133]
  [130  75 124]
  ...
  [  4   3   7]
  [ 10   4   5]
  [ 10   8   9]]

 [[155  91 147]
  [142  81 134]
  [131  76 125]
  ...
  [  1   5   8]
  [  7   4   6]
  [ 10   5   8]]

 [[154  90 146]
  [141  81 134]
  [130  75 124]
  ...
  [  0   4   5]
  [  4   4   5]
  [  5   2   5]]

 ...

 [[131 136 140]
  [145 145 150]
  [147 146 152]
  ...
  [ 89  87  91]
  [ 85  83  87]
  [ 87  85  85]]

 [[130 133 137]
  [142 140 145]
  [147 145 150]
  ...
  [ 91  89  92]
  [ 88  86  91]
  [ 90  86  86]]

 [[139 142 143]
  [143 139 143]
  [148 145 148]
  ...
  [ 94  93  94]
  [ 89  87  88]
  [ 86  83  85]]]",Chihuahua
"[[[105  96  71]
  [114 107  83]
  [100 101  70]
  ...
  [178 156 143]
  [176 154 141]
  [174 152 139]]

 [[ 98  99  66]
  [ 89  87  58]
  [109 106  77]
  ...
  [168 146 133]
  [168 146 133]
  [171 149 136]]

 [[ 68  96  46]
  [ 84 104  62]
  [ 71  85  50]
  ...
  [167 145 132]
  [171 149 136]
  [182 160 147]]

 ...

 [[174 154 142]
  [159 143 130]
  [158 146 132]
  ...
  [163 143 132]
  [182 162 151]
  [163 143 132]]

 [[171 152 140]
  [174 158 146]
  [171 158 145]
  ...
  [192 172 161]
  [169 149 138]
  [147 127 116]]

 [[170 152 142]
  [173 155 144]
  [175 157 147]
  ...
  [179 159 148]
  [172 152 141]
  [170 150 139]]]",Chihuahua
"[[[121 123 111]
  [124 126 113]
  [122 125 110]
  ...
  [191 195 172]
  [192 196 173]
  [193 198 176]]

 [[120 122 111]
  [121 123 111]
  [121 123 108]
  ...
  [190 194 171]
  [191 195 172]
  [192 196 174]]

 [[121 123 112]
  [117 119 107]
  [121 123 108]
  ...
  [189 192 167]
  [192 196 170]
  [191 196 172]]

 ...

 [[ 72  52  54]
  [ 76  53  56]
  [ 78  50  56]
  ...
  [ 50  31  49]
  [ 55  33  59]
  [ 53  34  58]]

 [[ 70  59  58]
  [ 71  50  51]
  [ 73  43  48]
  ...
  [ 47  27  51]
  [ 50  26  56]
  [ 45  29  45]]

 [[ 68  57  55]
  [ 72  51  53]
  [ 73  43  48]
  ...
  [ 51  32  55]
  [ 46  28  55]
  [ 44  29  55]]]",Chihuahua
"[[[108  64   1]
  [110  66   3]
  [111  67   5]
  ...
  [122  79   1]
  [122  79   1]
  [121  78   0]]

 [[109  65   1]
  [111  67   2]
  [113  69   5]
  ...
  [123  80   2]
  [123  80   2]
  [121  78   0]]

 [[111  67   1]
  [112  69   3]
  [114  71   5]
  ...
  [124  82   2]
  [124  82   2]
  [122  79   1]]

 ...

 [[145 110  79]
  [152 117  87]
  [158 123  96]
  ...
  [ 86  40   6]
  [ 81  37   5]
  [ 75  34   6]]

 [[137 102  70]
  [143 108  78]
  [148 113  85]
  ...
  [ 88  39   7]
  [ 85  40   9]
  [ 79  36   6]]

 [[132  97  66]
  [138 103  73]
  [140 105  77]
  ...
  [ 89  40   8]
  [ 87  42  11]
  [ 84  40  11]]]",Chihuahua
"[[[ 12  14  13]
  [  7   9   8]
  [ 10  12  11]
  ...
  [ 36  28  18]
  [ 33  26  16]
  [ 31  27  16]]

 [[ 10  12  11]
  [ 12  14  13]
  [  7   9   8]
  ...
  [ 61  51  42]
  [ 72  62  53]
  [ 82  69  61]]

 [[ 16  18  17]
  [  9  11  10]
  [  3   4   3]
  ...
  [ 90  78  70]
  [ 84  72  64]
  [ 73  63  54]]

 ...

 [[131 136 138]
  [132 136 139]
  [127 131 134]
  ...
  [135 136 140]
  [139 139 145]
  [136 136 143]]

 [[123 131 133]
  [132 138 140]
  [135 140 143]
  ...
  [136 137 142]
  [131 130 139]
  [125 124 135]]

 [[125 130 133]
  [128 136 138]
  [133 140 143]
  ...
  [133 134 139]
  [125 125 133]
  [119 122 130]]]",Chihuahua
"[[[19 21 20]
  [19 21 20]
  [21 23 22]
  ...
  [26 28 27]
  [28 30 29]
  [28 33 32]]

 [[18 20 19]
  [21 23 22]
  [20 22 21]
  ...
  [27 29 28]
  [26 28 27]
  [26 30 29]]

 [[20 22 21]
  [21 23 22]
  [20 22 21]
  ...
  [26 28 27]
  [28 30 29]
  [28 31 30]]

 ...

 [[88 89 84]
  [93 94 89]
  [95 96 90]
  ...
  [78 76 64]
  [85 83 72]
  [76 75 69]]

 [[82 83 78]
  [92 93 88]
  [96 97 91]
  ...
  [79 77 65]
  [87 85 74]
  [77 76 70]]

 [[85 86 80]
  [92 93 88]
  [92 93 87]
  ...
  [78 76 64]
  [87 85 74]
  [76 75 70]]]",Chihuahua
"[[[ 92 127 150]
  [ 99 135 159]
  [ 89 124 151]
  ...
  [  3   3   3]
  [  4   4   4]
  [  5   5   5]]

 [[ 89 126 150]
  [ 97 133 159]
  [ 90 126 153]
  ...
  [  5   5   5]
  [  5   5   5]
  [  5   5   5]]

 [[ 86 125 151]
  [ 84 124 151]
  [ 84 123 152]
  ...
  [  4   4   4]
  [  5   5   5]
  [  4   4   4]]

 ...

 [[  1   3   0]
  [  0   1   0]
  [ 28  17  14]
  ...
  [118 111 127]
  [116 109 125]
  [114 107 123]]

 [[  1   3   0]
  [  0   0   0]
  [ 46  34  31]
  ...
  [113 106 122]
  [116 109 125]
  [116 110 125]]

 [[  1   2   4]
  [  0   0   0]
  [ 62  51  46]
  ...
  [111 105 119]
  [109 103 117]
  [112 106 120]]]",Chihuahua
"[[[117  81  99]
  [111  83  98]
  [111  84  99]
  ...
  [227  26  68]
  [226  25  66]
  [223  28  63]]

 [[114  84 101]
  [110  86 101]
  [107  86 100]
  ...
  [220  31  70]
  [218  29  67]
  [219  26  62]]

 [[109  85 101]
  [105  88 102]
  [101  87 100]
  ...
  [221  37  75]
  [218  34  72]
  [219  27  66]]

 ...

 [[  5   7  10]
  [ 78  80  83]
  [115 117 120]
  ...
  [ 60  40  26]
  [ 63  43  29]
  [ 54  35  21]]

 [[ 10   9   8]
  [ 70  68  66]
  [ 92  91  89]
  ...
  [ 62  36  14]
  [ 66  41  20]
  [ 54  35  20]]

 [[  8   6   4]
  [  6   5   2]
  [  5   4   1]
  ...
  [ 62  34  13]
  [ 65  39  19]
  [ 61  39  24]]]",Chihuahua
"[[[135 139 126]
  [107 102  89]
  [107  73  57]
  ...
  [111  64  42]
  [106  62  43]
  [105  65  46]]

 [[134 138 125]
  [108 103  91]
  [108  74  58]
  ...
  [112  65  45]
  [110  65  46]
  [108  66  46]]

 [[142 147 133]
  [109 104  91]
  [106  72  56]
  ...
  [109  62  44]
  [107  61  42]
  [104  60  39]]

 ...

 [[114 125 120]
  [104 120 114]
  [117 121 112]
  ...
  [114  87  76]
  [118  91  80]
  [121  94  84]]

 [[113 126 124]
  [110 125 122]
  [124 126 117]
  ...
  [119  92  81]
  [116  90  78]
  [114  88  75]]

 [[119 134 136]
  [120 137 135]
  [122 122 114]
  ...
  [119  96  84]
  [115  90  77]
  [115  89  74]]]",Chihuahua
"[[[82 66 14]
  [83 67 15]
  [83 67 15]
  ...
  [88 73 18]
  [91 75 22]
  [91 75 30]]

 [[82 66 14]
  [83 67 15]
  [84 68 16]
  ...
  [88 72 20]
  [90 74 22]
  [91 75 26]]

 [[82 66 14]
  [82 66 14]
  [84 68 16]
  ...
  [89 73 22]
  [89 73 21]
  [89 73 21]]

 ...

 [[16 12 11]
  [ 4  3  2]
  [ 9  4  3]
  ...
  [13  5  4]
  [23 15 15]
  [30 20 14]]

 [[17 11 11]
  [ 6  4  3]
  [13  8  8]
  ...
  [20 10 12]
  [24 16 17]
  [38 27 21]]

 [[19  9 10]
  [10  5  4]
  [ 9  6  5]
  ...
  [19  8 11]
  [11  3  5]
  [23 12 10]]]",Chihuahua
"[[[232 231 227]
  [228 227 223]
  [229 228 224]
  ...
  [126 187  89]
  [131 188  86]
  [142 202 103]]

 [[232 231 227]
  [228 227 223]
  [229 228 224]
  ...
  [139 199 103]
  [132 188  89]
  [124 190  90]]

 [[232 231 227]
  [228 227 223]
  [231 230 226]
  ...
  [139 197 103]
  [132 187  92]
  [112 179  82]]

 ...

 [[ 68 111  68]
  [ 96 128  95]
  [ 96 128  78]
  ...
  [ 62 117  35]
  [ 69 135  35]
  [ 65 133  39]]

 [[ 73 116  71]
  [111 142 107]
  [112 139  98]
  ...
  [ 54 108  18]
  [ 74 134  45]
  [ 74 134  58]]

 [[ 79 123  74]
  [100 135  91]
  [ 97 128  77]
  ...
  [ 42  97   9]
  [ 79 140  55]
  [ 94 145  94]]]",Chihuahua
"[[[160 148 110]
  [168 156 118]
  [173 161 122]
  ...
  [ 92  89  80]
  [ 91  89  77]
  [ 92  88  79]]

 [[177 165 124]
  [175 163 122]
  [172 161 119]
  ...
  [ 91  88  79]
  [ 89  87  75]
  [ 91  90  82]]

 [[173 164 119]
  [183 174 129]
  [185 176 131]
  ...
  [ 91  88  79]
  [ 88  86  75]
  [ 88  89  81]]

 ...

 [[234 228 192]
  [232 226 190]
  [235 229 193]
  ...
  [243 237 201]
  [242 237 201]
  [243 239 205]]

 [[234 228 192]
  [231 225 189]
  [232 226 190]
  ...
  [237 231 195]
  [243 237 201]
  [242 237 204]]

 [[234 228 192]
  [235 229 193]
  [235 229 193]
  ...
  [240 233 197]
  [238 233 197]
  [239 234 202]]]",Chihuahua
"[[[145  93  45]
  [143  91  43]
  [143  91  43]
  ...
  [160 102  54]
  [159 101  53]
  [160  99  52]]

 [[147  95  47]
  [145  93  45]
  [147  95  47]
  ...
  [161 103  55]
  [160 101  54]
  [159  99  52]]

 [[147  95  47]
  [148  96  48]
  [149  97  49]
  ...
  [161 103  55]
  [160 103  54]
  [158 102  53]]

 ...

 [[136  83  41]
  [134  81  39]
  [134  81  39]
  ...
  [144  91  47]
  [144  91  47]
  [144  91  49]]

 [[138  85  43]
  [135  82  40]
  [134  81  39]
  ...
  [147  94  50]
  [145  92  48]
  [145  93  49]]

 [[138  85  43]
  [138  85  43]
  [137  84  42]
  ...
  [148  95  51]
  [145  93  48]
  [145  94  46]]]",Chihuahua
"[[[ 6 12  8]
  [ 3  9  5]
  [ 3  9  5]
  ...
  [53 57 39]
  [25 61 64]
  [16 71 91]]

 [[15 21 17]
  [14 20 16]
  [13 19 15]
  ...
  [58 52 24]
  [42 61 46]
  [27 71 74]]

 [[22 28 24]
  [23 29 25]
  [20 26 22]
  ...
  [61 45  8]
  [58 54 16]
  [58 70 43]]

 ...

 [[ 1  6  2]
  [ 3  8  4]
  [ 2  7  3]
  ...
  [ 1  6  2]
  [ 2  7  3]
  [ 3  6  3]]

 [[ 1  6  2]
  [ 2  7  3]
  [ 3  8  4]
  ...
  [ 2  7  3]
  [ 2  7  3]
  [ 0  5  1]]

 [[ 1  6  2]
  [ 2  7  3]
  [ 2  7  3]
  ...
  [ 0  5  1]
  [ 0  5  1]
  [ 0  5  1]]]",Chihuahua
"[[[110 130 149]
  [122 148 167]
  [170 187 198]
  ...
  [133 118 120]
  [109  96  99]
  [ 84  77  81]]

 [[114 131 151]
  [123 147 167]
  [171 186 198]
  ...
  [131 117 118]
  [104  90  93]
  [ 83  74  79]]

 [[116 130 150]
  [127 149 167]
  [175 187 197]
  ...
  [125 110 112]
  [100  86  89]
  [ 81  71  76]]

 ...

 [[ 70  68  54]
  [ 87  88  65]
  [ 92  94  67]
  ...
  [ 47  44  50]
  [ 45  41  47]
  [ 53  50  52]]

 [[ 85  85  61]
  [ 94  94  70]
  [ 96  96  72]
  ...
  [ 53  49  52]
  [ 54  48  54]
  [ 62  56  59]]

 [[ 94  94  70]
  [ 95  95  71]
  [ 95  95  71]
  ...
  [ 60  55  58]
  [ 61  54  61]
  [ 71  63  66]]]",Chihuahua
"[[[ 51  41  31]
  [ 52  42  32]
  [ 48  39  29]
  ...
  [ 78  63  42]
  [ 78  63  42]
  [ 81  65  44]]

 [[ 51  42  33]
  [ 52  43  34]
  [ 52  43  33]
  ...
  [ 76  62  43]
  [ 79  64  46]
  [ 78  64  49]]

 [[ 49  41  33]
  [ 53  45  37]
  [ 52  44  36]
  ...
  [ 74  61  44]
  [ 77  64  47]
  [ 77  63  51]]

 ...

 [[138 134 125]
  [136 132 123]
  [136 131 122]
  ...
  [145 138 128]
  [148 141 131]
  [141 137 126]]

 [[133 127 120]
  [137 130 124]
  [133 127 120]
  ...
  [143 134 125]
  [146 138 129]
  [139 134 124]]

 [[129 125 118]
  [134 130 123]
  [138 134 128]
  ...
  [135 128 118]
  [136 128 119]
  [139 133 126]]]",Chihuahua
"[[[ 79  73  75]
  [ 77  71  73]
  [ 81  75  77]
  ...
  [ 93  84  85]
  [ 97  88  89]
  [ 99  89  90]]

 [[ 79  73  75]
  [ 76  70  72]
  [ 81  75  77]
  ...
  [ 96  87  88]
  [101  92  93]
  [104  94  95]]

 [[ 78  72  74]
  [ 77  71  73]
  [ 83  77  79]
  ...
  [ 96  87  88]
  [ 98  88  89]
  [101  90  92]]

 ...

 [[ 42  37  43]
  [ 23  22  26]
  [ 82  80  85]
  ...
  [120  91  99]
  [ 82  55  65]
  [ 46  21  28]]

 [[ 51  46  52]
  [ 25  23  28]
  [ 29  27  32]
  ...
  [213 187 198]
  [194 170 182]
  [ 91  67  77]]

 [[ 52  47  53]
  [ 36  33  39]
  [ 13  11  16]
  ...
  [210 187 199]
  [216 195 208]
  [167 145 155]]]",Chihuahua
"[[[220 231 242]
  [220 231 245]
  [215 225 245]
  ...
  [255 238 206]
  [251 239 204]
  [230 219 178]]

 [[228 231 248]
  [228 231 251]
  [222 224 250]
  ...
  [255 239 206]
  [251 239 205]
  [230 219 180]]

 [[224 232 250]
  [226 233 253]
  [222 228 252]
  ...
  [255 240 205]
  [250 238 203]
  [231 219 184]]

 ...

 [[171 175 201]
  [173 180 204]
  [174 180 203]
  ...
  [144 140 165]
  [144 142 166]
  [148 148 172]]

 [[179 180 205]
  [175 179 203]
  [170 176 197]
  ...
  [157 151 174]
  [149 145 167]
  [147 145 163]]

 [[168 164 188]
  [162 162 184]
  [160 163 183]
  ...
  [156 148 170]
  [155 149 167]
  [153 150 164]]]",Chihuahua
"[[[100  99 112]
  [101 103 115]
  [ 99 100 113]
  ...
  [170 169 183]
  [164 163 177]
  [165 164 178]]

 [[ 98  97 110]
  [ 99 101 113]
  [101 103 115]
  ...
  [169 168 182]
  [164 163 177]
  [169 168 182]]

 [[101 100 113]
  [102 104 116]
  [103 105 117]
  ...
  [172 171 185]
  [163 162 176]
  [172 171 185]]

 ...

 [[141 147 159]
  [143 146 159]
  [146 146 160]
  ...
  [205 190 208]
  [205 190 207]
  [215 203 219]]

 [[135 142 156]
  [138 141 156]
  [144 144 160]
  ...
  [210 200 215]
  [204 193 208]
  [219 212 226]]

 [[133 141 154]
  [135 139 154]
  [147 145 161]
  ...
  [210 205 219]
  [206 200 215]
  [215 213 226]]]",Chihuahua
"[[[ 69  62  69]
  [ 71  64  71]
  [ 73  66  73]
  ...
  [152 150 137]
  [156 154 141]
  [155 151 139]]

 [[ 71  64  71]
  [ 73  66  73]
  [ 73  66  73]
  ...
  [150 148 135]
  [149 147 134]
  [148 144 132]]

 [[ 73  66  73]
  [ 74  67  74]
  [ 76  69  76]
  ...
  [151 149 136]
  [155 152 140]
  [156 152 140]]

 ...

 [[  7   6   4]
  [  7   6   4]
  [  7   6   4]
  ...
  [ 80  47  35]
  [ 79  49  32]
  [ 72  46  28]]

 [[  7   6   4]
  [  7   6   4]
  [  8   7   5]
  ...
  [ 91  31  29]
  [ 90  34  27]
  [ 85  42  30]]

 [[  7   6   4]
  [  7   6   4]
  [  8   7   5]
  ...
  [ 97  18  23]
  [ 97  21  23]
  [ 91  27  23]]]",Chihuahua
"[[[ 70  56  40]
  [ 58  49  36]
  [ 76  68  52]
  ...
  [ 83  99 107]
  [ 84 101 108]
  [ 84  98 107]]

 [[ 72  58  42]
  [ 59  49  37]
  [ 72  64  48]
  ...
  [ 89 104 113]
  [ 84 100 110]
  [ 85  99 108]]

 [[ 76  61  46]
  [ 59  49  37]
  [ 68  60  45]
  ...
  [ 89 102 114]
  [ 86 101 114]
  [ 86 101 110]]

 ...

 [[102  82  79]
  [109  87  83]
  [ 99  74  72]
  ...
  [175 147 151]
  [169 141 146]
  [162 138 141]]

 [[ 90  74  74]
  [ 96  74  72]
  [ 72  50  47]
  ...
  [180 157 165]
  [175 152 160]
  [172 145 152]]

 [[ 60  45  46]
  [ 90  69  68]
  [ 76  51  51]
  ...
  [178 154 163]
  [177 154 162]
  [177 151 162]]]",Chihuahua
"[[[ 84 106  24]
  [ 82 105  23]
  [ 81 104  22]
  ...
  [ 58  82   6]
  [ 58  82   3]
  [ 58  83   2]]

 [[ 82 104  22]
  [ 81 103  21]
  [ 79 102  20]
  ...
  [ 61  85   7]
  [ 62  87   6]
  [ 62  87   5]]

 [[ 82 104  22]
  [ 81 103  21]
  [ 79 102  20]
  ...
  [ 65  89   7]
  [ 65  90   6]
  [ 65  90   6]]

 ...

 [[ 82 111  22]
  [ 83 110  14]
  [ 89 115  20]
  ...
  [ 78  96  21]
  [114 125  83]
  [ 99 107  77]]

 [[ 75  99  16]
  [ 85 109  18]
  [ 95 121  30]
  ...
  [ 62  87  14]
  [104 127  70]
  [ 78 104  42]]

 [[ 96 118  35]
  [103 128  43]
  [ 98 127  41]
  ...
  [ 69  95  20]
  [ 82 109  29]
  [ 62  91   6]]]",Chihuahua
"[[[255 232 232]
  [220 197 193]
  [141 106 106]
  ...
  [166 131 142]
  [232 212 219]
  [255 240 242]]

 [[205 174 170]
  [ 90  71  60]
  [ 38  31  24]
  ...
  [109 107 119]
  [126 107 117]
  [214 185 193]]

 [[119  70  65]
  [ 40  31  18]
  [ 24  38  25]
  ...
  [ 69  94 110]
  [ 99  81  96]
  [148  87 103]]

 ...

 [[123  59  67]
  [ 52   7  16]
  [ 41  16  28]
  ...
  [155  87  54]
  [161  84  58]
  [174  86  65]]

 [[210 181 181]
  [ 91  63  64]
  [ 50  26  31]
  ...
  [162  81  57]
  [158  95  73]
  [220 183 162]]

 [[255 247 243]
  [219 203 201]
  [145  98  97]
  ...
  [193 107  96]
  [230 199 184]
  [255 249 233]]]",Chihuahua
"[[[ 36  26  25]
  [ 37  27  26]
  [ 35  26  25]
  ...
  [ 41  21  12]
  [ 40  20  11]
  [ 41  20  11]]

 [[ 40  29  29]
  [ 38  27  27]
  [ 36  25  25]
  ...
  [ 43  23  14]
  [ 42  22  13]
  [ 40  20  11]]

 [[ 35  23  21]
  [ 32  20  18]
  [ 31  19  17]
  ...
  [ 45  25  16]
  [ 44  24  15]
  [ 41  23  13]]

 ...

 [[117  96  85]
  [119  99  88]
  [122 102  91]
  ...
  [117  90  78]
  [109  82  69]
  [107  79  66]]

 [[115  93  82]
  [120  98  87]
  [128 105  95]
  ...
  [108  80  68]
  [111  83  70]
  [109  81  67]]

 [[110  86  76]
  [113  89  79]
  [124 100  90]
  ...
  [103  75  63]
  [105  77  65]
  [105  77  64]]]",Chihuahua
"[[[155 148 121]
  [156 148 126]
  [153 145 123]
  ...
  [179 198 222]
  [182 202 225]
  [187 206 222]]

 [[153 147 120]
  [156 149 126]
  [153 146 124]
  ...
  [172 190 213]
  [176 194 216]
  [180 197 214]]

 [[152 147 119]
  [156 150 127]
  [156 150 127]
  ...
  [165 182 204]
  [166 183 204]
  [168 185 202]]

 ...

 [[ 97  62  44]
  [102  65  47]
  [113  70  52]
  ...
  [ 73  43  32]
  [ 73  43  33]
  [ 66  36  28]]

 [[ 97  61  42]
  [104  65  46]
  [115  71  51]
  ...
  [ 70  40  31]
  [ 76  46  38]
  [ 64  37  28]]

 [[ 95  61  43]
  [103  65  47]
  [113  70  52]
  ...
  [ 74  43  35]
  [ 78  49  41]
  [ 67  41  32]]]",Chihuahua
"[[[162 164 163]
  [162 164 163]
  [162 164 163]
  ...
  [201  66  87]
  [199  64  86]
  [197  64  85]]

 [[162 164 163]
  [162 164 163]
  [162 164 163]
  ...
  [197  64  85]
  [196  63  84]
  [194  62  83]]

 [[162 164 163]
  [162 164 163]
  [162 164 163]
  ...
  [194  61  82]
  [192  60  81]
  [190  60  81]]

 ...

 [[146 159 176]
  [157 166 181]
  [157 163 176]
  ...
  [199 145 161]
  [192 140 162]
  [192 139 162]]

 [[120 140 171]
  [150 161 183]
  [158 164 178]
  ...
  [186 132 158]
  [174 132 165]
  [170 135 175]]

 [[ 89 115 164]
  [130 142 175]
  [156 160 178]
  ...
  [174 135 173]
  [157 137 182]
  [148 138 191]]]",Chihuahua
"[[[ 75  74  72]
  [ 76  75  73]
  [ 77  76  74]
  ...
  [104 100  99]
  [103  99  98]
  [103  99 100]]

 [[ 76  75  73]
  [ 77  76  74]
  [ 80  79  77]
  ...
  [105 101 100]
  [104 100  99]
  [104 100 101]]

 [[ 79  78  76]
  [ 80  79  77]
  [ 81  80  78]
  ...
  [106 102 101]
  [104 100  99]
  [103  99  98]]

 ...

 [[122  82  63]
  [121  83  65]
  [129  92  76]
  ...
  [157 173 163]
  [156 172 162]
  [155 168 159]]

 [[129  86  67]
  [124  83  65]
  [129  91  76]
  ...
  [160 176 165]
  [157 173 162]
  [156 169 160]]

 [[133  89  78]
  [130  88  74]
  [126  86  69]
  ...
  [160 176 165]
  [157 173 162]
  [157 170 161]]]",Chihuahua
"[[[ 40  33  18]
  [ 40  32  18]
  [ 42  34  20]
  ...
  [167 164 162]
  [160 156 157]
  [154 150 152]]

 [[ 39  33  22]
  [ 36  31  20]
  [ 36  31  22]
  ...
  [163 160 153]
  [165 163 156]
  [163 160 153]]

 [[ 35  33  26]
  [ 33  32  26]
  [ 36  36  34]
  ...
  [144 141 133]
  [146 143 133]
  [155 152 141]]

 ...

 [[143  92  45]
  [143  91  42]
  [139  87  38]
  ...
  [113 115 114]
  [ 99 101  96]
  [ 66  69  59]]

 [[143  97  48]
  [141  93  42]
  [140  92  40]
  ...
  [152 153 158]
  [107 109 107]
  [ 76  78  72]]

 [[148 100  45]
  [141  95  42]
  [140  94  43]
  ...
  [155 158 161]
  [106 106 101]
  [ 95  93  83]]]",Chihuahua
"[[[119 172 175]
  [122 178 180]
  [123 182 183]
  ...
  [ 90 167 156]
  [ 79 169 158]
  [ 83 163 158]]

 [[119 177 177]
  [116 176 176]
  [118 180 178]
  ...
  [ 96 163 150]
  [ 84 165 156]
  [ 83 161 159]]

 [[122 178 176]
  [117 176 174]
  [115 176 172]
  ...
  [ 96 159 148]
  [ 92 163 155]
  [ 88 160 156]]

 ...

 [[134 185 181]
  [135 180 178]
  [142 179 180]
  ...
  [155 190 177]
  [157 177 170]
  [139 177 164]]

 [[133 192 193]
  [131 187 189]
  [133 184 187]
  ...
  [158 174 170]
  [160 173 170]
  [143 176 166]]

 [[137 196 201]
  [131 191 196]
  [136 194 199]
  ...
  [131 139 140]
  [147 173 167]
  [147 177 171]]]",Chihuahua
"[[[ 17  12  35]
  [ 16  10  35]
  [ 15   9  37]
  ...
  [224 254 252]
  [226 254 254]
  [215 244 245]]

 [[ 17  12  36]
  [ 16  10  36]
  [ 15   9  37]
  ...
  [224 253 252]
  [226 254 254]
  [215 244 244]]

 [[ 17  11  38]
  [ 16  10  37]
  [ 15   9  37]
  ...
  [224 252 254]
  [225 253 254]
  [215 243 243]]

 ...

 [[128 115 105]
  [123 110 101]
  [132 122 112]
  ...
  [ 95 114 115]
  [ 87 101 108]
  [ 76  86  97]]

 [[139 126 118]
  [127 114 105]
  [119 109  99]
  ...
  [ 83 100 109]
  [ 81  92 106]
  [ 71  77  93]]

 [[141 128 120]
  [141 128 120]
  [122 111 101]
  ...
  [ 68  84 102]
  [ 68  84 104]
  [ 59  71  94]]]",Chihuahua
"[[[ 94 104 105]
  [ 96 107 103]
  [ 86  97  90]
  ...
  [ 72  58  37]
  [157 123  77]
  [ 99  96  77]]

 [[ 94 102 103]
  [ 98 107 104]
  [ 88  97  92]
  ...
  [103  81  56]
  [145 119  75]
  [ 85  86  68]]

 [[ 95 100 102]
  [100 106 104]
  [ 93  99  95]
  ...
  [127 101  70]
  [109  94  65]
  [ 86  93  81]]

 ...

 [[253 251 252]
  [247 249 248]
  [232 243 239]
  ...
  [119 157 180]
  [ 86 125 143]
  [119 155 175]]

 [[254 251 252]
  [248 250 249]
  [235 245 242]
  ...
  [113 144 166]
  [125 156 177]
  [118 149 170]]

 [[255 250 254]
  [251 252 254]
  [243 251 250]
  ...
  [135 162 186]
  [114 141 165]
  [118 147 170]]]",Chihuahua
"[[[31 17 17]
  [30 16 16]
  [29 15 15]
  ...
  [27 13 13]
  [28 14 14]
  [28 14 14]]

 [[31 17 17]
  [30 16 16]
  [29 15 15]
  ...
  [28 14 14]
  [29 15 15]
  [30 16 16]]

 [[32 18 18]
  [31 17 17]
  [30 16 16]
  ...
  [30 16 16]
  [31 17 17]
  [31 17 17]]

 ...

 [[ 0  0  0]
  [ 0  0  0]
  [ 0  0  0]
  ...
  [ 1  0  0]
  [ 3  1  1]
  [ 6  5  5]]

 [[ 0  0  0]
  [ 0  0  0]
  [ 0  0  0]
  ...
  [ 0  0  0]
  [ 0  0  0]
  [ 0  0  0]]

 [[ 0  0  0]
  [ 0  0  0]
  [ 0  0  0]
  ...
  [ 0  0  0]
  [ 0  0  0]
  [ 0  0  0]]]",Chihuahua
"[[[237 241 246]
  [240 243 250]
  [241 244 252]
  ...
  [236 242 249]
  [234 241 249]
  [233 240 249]]

 [[230 238 245]
  [235 240 248]
  [236 241 249]
  ...
  [228 240 248]
  [222 232 240]
  [203 214 215]]

 [[223 233 243]
  [225 234 244]
  [226 236 244]
  ...
  [191 203 209]
  [140 150 145]
  [116 128 117]]

 ...

 [[172 147 108]
  [183 155 116]
  [191 160 119]
  ...
  [154 147 107]
  [147 128  92]
  [154 127  92]]

 [[182 153 116]
  [186 156 117]
  [185 155 116]
  ...
  [142 144  95]
  [144 143  89]
  [168 146 108]]

 [[183 153 114]
  [190 160 124]
  [191 161 125]
  ...
  [160 152 103]
  [170 163 114]
  [157 155 104]]]",Chihuahua
"[[[240 242 229]
  [241 243 230]
  [241 243 230]
  ...
  [241 241 237]
  [241 241 237]
  [243 243 239]]

 [[242 244 231]
  [241 243 230]
  [241 243 230]
  ...
  [243 243 232]
  [243 243 231]
  [245 245 233]]

 [[242 244 231]
  [240 242 229]
  [242 244 231]
  ...
  [236 234 215]
  [231 229 210]
  [227 225 206]]

 ...

 [[ 59  63  74]
  [ 54  58  69]
  [ 53  57  68]
  ...
  [ 88 101 115]
  [ 75  89 102]
  [ 52  64  76]]

 [[ 73  78  89]
  [ 49  54  65]
  [ 36  40  52]
  ...
  [ 45  59  72]
  [ 55  68  80]
  [ 39  51  63]]

 [[ 51  59  70]
  [ 56  62  74]
  [ 49  53  65]
  ...
  [ 54  65  73]
  [ 64  74  81]
  [ 50  59  67]]]",Chihuahua
"[[[ 34  38  47]
  [ 86  90  99]
  [140 144 153]
  ...
  [206 195 199]
  [205 194 201]
  [157 142 144]]

 [[ 32  36  45]
  [ 63  67  76]
  [134 138 147]
  ...
  [206 195 199]
  [204 193 200]
  [156 141 143]]

 [[ 34  38  47]
  [ 42  46  55]
  [126 130 139]
  ...
  [204 193 197]
  [203 193 199]
  [156 141 143]]

 ...

 [[183 155 134]
  [183 156 134]
  [186 159 138]
  ...
  [171 142 122]
  [170 142 121]
  [155 149 127]]

 [[185 153 133]
  [186 154 134]
  [187 155 136]
  ...
  [173 141 119]
  [170 139 118]
  [156 147 126]]

 [[183 155 134]
  [184 156 135]
  [186 157 136]
  ...
  [168 142 125]
  [167 140 120]
  [157 150 128]]]",Chihuahua
"[[[148 138 131]
  [160 149 149]
  [162 151 152]
  ...
  [246 244 245]
  [246 244 245]
  [245 246 242]]

 [[144 138 129]
  [148 139 135]
  [134 123 116]
  ...
  [246 244 245]
  [246 244 245]
  [245 245 245]]

 [[141 137 126]
  [140 133 122]
  [134 123 108]
  ...
  [247 245 246]
  [246 244 245]
  [245 244 249]]

 ...

 [[133 145 135]
  [144 156 147]
  [178 190 183]
  ...
  [205 192 175]
  [205 192 175]
  [211 198 181]]

 [[192 198 195]
  [189 198 196]
  [188 199 196]
  ...
  [206 193 176]
  [203 190 173]
  [202 189 172]]

 [[154 161 154]
  [175 184 179]
  [188 198 195]
  ...
  [205 192 175]
  [204 191 174]
  [202 189 172]]]",Chihuahua
"[[[125 114 118]
  [125 114 118]
  [123 112 116]
  ...
  [129 117 124]
  [124 115 123]
  [123 116 123]]

 [[125 114 118]
  [122 111 115]
  [124 113 117]
  ...
  [129 118 123]
  [127 114 118]
  [125 114 118]]

 [[124 113 117]
  [120 109 113]
  [126 115 119]
  ...
  [132 121 126]
  [131 117 121]
  [127 115 119]]

 ...

 [[147 145 156]
  [149 147 158]
  [151 149 160]
  ...
  [142 139 147]
  [145 142 152]
  [136 132 141]]

 [[146 144 157]
  [146 144 157]
  [148 145 158]
  ...
  [143 138 146]
  [145 142 151]
  [143 139 150]]

 [[148 145 156]
  [146 143 154]
  [147 144 156]
  ...
  [139 134 142]
  [140 138 148]
  [142 141 145]]]",Chihuahua
"[[[ 62  54  43]
  [ 63  55  44]
  [ 65  57  46]
  ...
  [  4   5   0]
  [  4   5   0]
  [  5   4   2]]

 [[ 66  58  47]
  [ 68  60  49]
  [ 68  60  49]
  ...
  [  4   5   0]
  [  4   5   0]
  [  5   4   2]]

 [[ 68  60  49]
  [ 70  62  51]
  [ 70  62  51]
  ...
  [  4   5   0]
  [  4   5   0]
  [  6   5   3]]

 ...

 [[113  93  65]
  [115  96  68]
  [111  91  63]
  ...
  [117  96  67]
  [111  94  68]
  [111  93  64]]

 [[110  91  61]
  [111  92  62]
  [111  92  62]
  ...
  [115  97  65]
  [114  99  67]
  [113  97  69]]

 [[112  93  63]
  [112  93  63]
  [112  93  63]
  ...
  [117  97  65]
  [111  95  63]
  [113  96  68]]]",Chihuahua
"[[[ 38  32  18]
  [ 38  27  15]
  [ 43  26  16]
  ...
  [204 175 135]
  [200 171 131]
  [201 168 130]]

 [[ 38  30  17]
  [ 38  27  15]
  [ 42  26  16]
  ...
  [204 175 135]
  [200 171 131]
  [200 168 130]]

 [[ 42  32  20]
  [ 40  28  16]
  [ 41  27  16]
  ...
  [204 175 135]
  [200 171 131]
  [200 170 132]]

 ...

 [[101  97  85]
  [100  97  84]
  [100  98  86]
  ...
  [192 163 131]
  [206 187 160]
  [226 210 190]]

 [[106 100  88]
  [107 103  91]
  [107 105  94]
  ...
  [183 158 125]
  [212 200 173]
  [224 206 192]]

 [[106 101  88]
  [107 103  92]
  [109 107  98]
  ...
  [181 158 125]
  [221 210 184]
  [221 205 190]]]",Chihuahua
"[[[ 3  3  3]
  [ 1  1  1]
  [ 1  1  1]
  ...
  [15 14  9]
  [16 14 11]
  [10  5  5]]

 [[ 4  4  4]
  [ 2  2  2]
  [ 2  2  2]
  ...
  [13 12  8]
  [19 17 14]
  [ 9  5  6]]

 [[ 5  5  5]
  [ 3  3  3]
  [ 3  3  3]
  ...
  [11 10  8]
  [15 14 12]
  [ 6  4  5]]

 ...

 [[44 63 88]
  [42 62 87]
  [42 62 87]
  ...
  [33 19 22]
  [14  5  7]
  [ 6  3  4]]

 [[41 57 83]
  [40 58 84]
  [40 62 86]
  ...
  [27 16 20]
  [11  4  7]
  [ 5  5  5]]

 [[41 58 84]
  [35 54 79]
  [35 57 81]
  ...
  [23 11 15]
  [ 9  2  4]
  [ 5  5  5]]]",Chihuahua
"[[[191 223 126]
  [192 222 124]
  [191 221 120]
  ...
  [203 234 164]
  [201 233 161]
  [195 227 153]]

 [[188 218 123]
  [188 218 121]
  [187 217 116]
  ...
  [204 232 170]
  [202 232 167]
  [198 230 162]]

 [[190 219 127]
  [189 219 124]
  [189 218 121]
  ...
  [205 233 177]
  [202 231 174]
  [201 230 173]]

 ...

 [[  0   0   0]
  [  0   0   0]
  [  0   0   0]
  ...
  [  8   6  19]
  [  9   8  21]
  [  8   7  21]]

 [[  0   0   0]
  [  0   0   0]
  [  0   0   0]
  ...
  [  8   6  20]
  [  8   7  21]
  [ 10   9  23]]

 [[  0   0   0]
  [  0   0   0]
  [  0   0   0]
  ...
  [ 10   8  22]
  [  7   6  20]
  [ 11  10  24]]]",Chihuahua
"[[[166 213 253]
  [176 226 255]
  [176 234 254]
  ...
  [203 254 255]
  [202 252 254]
  [200 247 255]]

 [[167 214 253]
  [177 228 255]
  [178 236 255]
  ...
  [206 255 255]
  [204 253 255]
  [202 248 255]]

 [[168 215 252]
  [177 229 255]
  [179 237 254]
  ...
  [210 255 255]
  [207 253 254]
  [204 248 255]]

 ...

 [[  4  17  32]
  [ 23  33  52]
  [ 58  62  88]
  ...
  [ 33  49  83]
  [ 15  41  65]
  [ 10  38  55]]

 [[  9  29  49]
  [ 29  48  72]
  [ 34  49  80]
  ...
  [ 27  48  83]
  [  2  34  58]
  [  1  32  39]]

 [[  1  24  43]
  [  3  32  54]
  [ 19  46  75]
  ...
  [ 10  38  75]
  [  5  38  69]
  [ 22  46  69]]]",Chihuahua
"[[[168 164 161]
  [202 202 202]
  [204 204 203]
  ...
  [201 203 201]
  [203 201 201]
  [166 165 166]]

 [[213 211 212]
  [180 183 185]
  [163 167 170]
  ...
  [162 169 171]
  [181 182 185]
  [212 212 212]]

 [[206 206 210]
  [ 58  66  73]
  [  8  18  26]
  ...
  [ 18  32  39]
  [ 64  72  80]
  [207 207 208]]

 ...

 [[203 203 203]
  [156 156 156]
  [142 142 142]
  ...
  [137 137 135]
  [151 150 148]
  [205 205 205]]

 [[211 211 211]
  [202 202 202]
  [191 192 191]
  ...
  [190 190 188]
  [201 201 200]
  [214 214 213]]

 [[165 165 165]
  [201 201 201]
  [198 198 198]
  ...
  [199 199 198]
  [200 200 199]
  [167 167 167]]]",Chihuahua
"[[[46 58 36]
  [46 62 38]
  [48 68 43]
  ...
  [39 46 34]
  [43 47 42]
  [38 38 38]]

 [[55 68 45]
  [51 65 42]
  [42 59 34]
  ...
  [43 54 37]
  [39 46 35]
  [24 29 23]]

 [[57 71 46]
  [56 69 44]
  [51 63 38]
  ...
  [47 63 37]
  [46 59 40]
  [36 48 33]]

 ...

 [[65 59 44]
  [51 49 32]
  [52 54 36]
  ...
  [36 63 36]
  [53 89 57]
  [44 57 35]]

 [[51 47 39]
  [53 50 41]
  [42 39 30]
  ...
  [46 78 51]
  [45 74 40]
  [36 37 22]]

 [[29 26 27]
  [34 30 31]
  [34 28 30]
  ...
  [46 80 52]
  [43 53 23]
  [41 34 22]]]",Chihuahua
"[[[ 10   6   7]
  [ 10   6   7]
  [ 10   6   7]
  ...
  [  9   7   8]
  [  9   7   8]
  [  7   5   8]]

 [[ 10   6   7]
  [ 10   6   7]
  [ 10   6   7]
  ...
  [  7   5   6]
  [  7   5   6]
  [  6   4   7]]

 [[ 10   6   7]
  [ 10   6   7]
  [ 10   6   7]
  ...
  [  6   4   5]
  [  5   3   4]
  [  5   3   6]]

 ...

 [[192 182 180]
  [192 182 181]
  [191 181 180]
  ...
  [196 192 196]
  [199 195 198]
  [194 190 194]]

 [[191 181 180]
  [192 182 181]
  [191 181 180]
  ...
  [195 189 193]
  [198 193 197]
  [197 195 198]]

 [[188 178 177]
  [192 182 181]
  [193 183 182]
  ...
  [197 192 196]
  [195 191 195]
  [196 194 198]]]",Chihuahua
"[[[ 46  64  32]
  [ 65  81  50]
  [ 63  72  60]
  ...
  [ 24  71 175]
  [ 29  64 159]
  [ 25  54 131]]

 [[ 42  57  22]
  [ 66  80  42]
  [ 65  74  48]
  ...
  [ 26  56 123]
  [ 14  32  66]
  [  9  21  38]]

 [[ 78  84  60]
  [ 90  96  66]
  [ 83  88  64]
  ...
  [  5  18  22]
  [ 16  13  32]
  [ 17  16  27]]

 ...

 [[254 252 229]
  [212 204 175]
  [217 202 176]
  ...
  [207 185 162]
  [198 178 146]
  [225 209 190]]

 [[238 227 206]
  [218 208 163]
  [169 152 116]
  ...
  [208 191 185]
  [203 177 142]
  [209 187 149]]

 [[188 167 141]
  [199 184 156]
  [210 196 179]
  ...
  [145 126 124]
  [156 130 109]
  [214 194 155]]]",Chihuahua
"[[[119  93  56]
  [122  94  59]
  [127  94  61]
  ...
  [151 120  73]
  [114  66  24]
  [128  77  36]]

 [[107  78  42]
  [121  91  56]
  [130  98  64]
  ...
  [ 93  60  17]
  [100  53  12]
  [139  92  50]]

 [[102  69  32]
  [118  88  53]
  [129  98  64]
  ...
  [ 76  40   5]
  [ 97  53  13]
  [121  79  37]]

 ...

 [[154  12   8]
  [154  12   8]
  [153   9   6]
  ...
  [225 226 220]
  [230 231 225]
  [233 234 228]]

 [[154  12   8]
  [154  12   8]
  [155  12   8]
  ...
  [226 227 221]
  [232 233 227]
  [231 232 226]]

 [[149  10   6]
  [149   8   4]
  [153  10   6]
  ...
  [227 228 222]
  [233 234 228]
  [230 231 225]]]",Chihuahua
"[[[137  95  48]
  [143  77  16]
  [139  71  14]
  ...
  [120  41   7]
  [114  35   4]
  [113  34   4]]

 [[141 102  59]
  [144  78  18]
  [139  70  13]
  ...
  [117  38   6]
  [114  35   4]
  [111  32   2]]

 [[141 107  70]
  [142  77  17]
  [140  70  10]
  ...
  [116  37   6]
  [114  35   5]
  [112  33   3]]

 ...

 [[221 217 212]
  [223 219 214]
  [224 220 214]
  ...
  [210 207 201]
  [206 204 199]
  [198 200 196]]

 [[222 219 214]
  [224 221 216]
  [224 221 216]
  ...
  [175 180 185]
  [166 171 178]
  [159 166 169]]

 [[222 219 214]
  [224 221 216]
  [224 221 216]
  ...
  [154 159 163]
  [151 156 161]
  [148 156 157]]]",Chihuahua
"[[[206 206 206]
  [206 206 206]
  [206 206 206]
  ...
  [214 214 214]
  [214 214 214]
  [214 214 214]]

 [[206 206 206]
  [206 206 206]
  [206 206 206]
  ...
  [214 214 214]
  [214 214 214]
  [214 214 214]]

 [[206 206 206]
  [206 206 206]
  [206 206 206]
  ...
  [214 214 214]
  [214 214 214]
  [214 214 214]]

 ...

 [[209 205 206]
  [209 205 206]
  [209 205 206]
  ...
  [218 218 218]
  [218 218 218]
  [218 218 218]]

 [[209 205 206]
  [209 205 206]
  [209 205 206]
  ...
  [220 220 220]
  [220 220 220]
  [220 220 220]]

 [[209 205 206]
  [209 205 206]
  [209 205 206]
  ...
  [220 220 220]
  [220 220 220]
  [220 220 220]]]",Chihuahua
"[[[ 21  25  24]
  [ 19  23  22]
  [ 21  25  24]
  ...
  [110 164 197]
  [ 80 106 128]
  [105 153 193]]

 [[ 22  26  25]
  [ 21  25  24]
  [ 22  26  25]
  ...
  [114 160 181]
  [ 78  98 109]
  [130 164 189]]

 [[ 24  28  27]
  [ 22  26  25]
  [ 22  26  25]
  ...
  [ 47  63  65]
  [ 33  44  38]
  [ 36  51  53]]

 ...

 [[ 44  20   1]
  [103  62  13]
  [142  94  21]
  ...
  [221 204 176]
  [212 191 159]
  [235 214 177]]

 [[ 29  15   1]
  [ 54  23   1]
  [ 82  41   6]
  ...
  [220 197 151]
  [215 179 114]
  [206 167  97]]

 [[ 29  15   1]
  [ 30  16   0]
  [ 36  17   0]
  ...
  [199 152  69]
  [202 145  53]
  [194 136  44]]]",Chihuahua
"[[[17  7  8]
  [16  6  7]
  [15  5  6]
  ...
  [14 10 11]
  [14 10 11]
  [13 11 10]]

 [[16  7  8]
  [15  6  7]
  [14  5  6]
  ...
  [14 10 11]
  [14 10 11]
  [13 11 10]]

 [[15  7  8]
  [15  7  8]
  [14  6  6]
  ...
  [14 10 11]
  [14 10 11]
  [13 11 10]]

 ...

 [[29  5  6]
  [33  7  6]
  [41 10  7]
  ...
  [11  9 10]
  [11  9 10]
  [12  9 10]]

 [[33  6  6]
  [38 10  6]
  [44 12  6]
  ...
  [10  8  9]
  [10  8  9]
  [10  8  9]]

 [[37 11  9]
  [38 10  5]
  [47 16  8]
  ...
  [10  8  9]
  [10  8  9]
  [10  8  9]]]",Chihuahua
"[[[198 216 192]
  [194 213 186]
  [187 207 174]
  ...
  [238 240 237]
  [239 242 242]
  [237 241 241]]

 [[196 215 196]
  [197 216 195]
  [196 216 192]
  ...
  [239 240 235]
  [240 242 239]
  [239 242 240]]

 [[195 216 199]
  [194 215 199]
  [195 216 199]
  ...
  [241 241 232]
  [242 243 238]
  [242 244 238]]

 ...

 [[140 166 160]
  [142 168 162]
  [141 168 162]
  ...
  [188 212 214]
  [188 212 214]
  [188 212 214]]

 [[144 167 160]
  [144 168 161]
  [145 169 162]
  ...
  [188 212 214]
  [188 212 214]
  [188 212 214]]

 [[148 171 163]
  [148 171 163]
  [149 172 164]
  ...
  [188 212 214]
  [188 212 214]
  [188 212 214]]]",Chihuahua
"[[[183  58  53]
  [185  43  43]
  [211  45  51]
  ...
  [173 215 137]
  [153 184 129]
  [129 152 126]]

 [[188  86  73]
  [175  52  45]
  [189  38  38]
  ...
  [133 175  94]
  [123 157  95]
  [128 153 118]]

 [[203 131 105]
  [171  77  56]
  [169  40  29]
  ...
  [107 151  65]
  [108 144  74]
  [123 152 103]]

 ...

 [[235 220 213]
  [231 216 209]
  [193 178 173]
  ...
  [240 236 237]
  [240 236 237]
  [245 241 242]]

 [[206 192 187]
  [209 194 189]
  [160 146 141]
  ...
  [240 236 237]
  [240 236 237]
  [245 240 241]]

 [[228 216 210]
  [236 225 219]
  [231 218 213]
  ...
  [247 243 244]
  [248 242 244]
  [252 246 247]]]",Chihuahua
"[[[ 40  45  20]
  [ 32  37  16]
  [ 28  32  16]
  ...
  [ 55  59  27]
  [ 52  58  34]
  [ 57  63  48]]

 [[ 38  44  15]
  [ 28  34   6]
  [ 27  33   6]
  ...
  [ 58  65  47]
  [ 51  59  48]
  [ 60  70  67]]

 [[ 36  42  15]
  [ 27  35   3]
  [ 34  41   7]
  ...
  [ 65  73  49]
  [ 50  60  41]
  [ 49  61  47]]

 ...

 [[ 18  17  12]
  [ 67  40  17]
  [128  81  43]
  ...
  [ 11  17  11]
  [ 16  20  14]
  [ 24  26  22]]

 [[ 52  48  32]
  [ 93  57  21]
  [143  91  48]
  ...
  [ 15  20  14]
  [ 12  15  10]
  [ 14  16  11]]

 [[ 60  47  26]
  [ 94  56  19]
  [161 113  64]
  ...
  [ 55  56  51]
  [ 41  42  36]
  [ 37  40  33]]]",Chihuahua
"[[[122 123 115]
  [130 131 123]
  [133 134 128]
  ...
  [138 139 133]
  [138 139 133]
  [138 139 133]]

 [[128 129 121]
  [133 134 128]
  [135 136 130]
  ...
  [138 139 133]
  [138 139 133]
  [138 139 133]]

 [[137 138 132]
  [139 140 134]
  [139 140 135]
  ...
  [138 139 133]
  [138 139 133]
  [138 139 133]]

 ...

 [[109 110 104]
  [108 109 103]
  [109 110 104]
  ...
  [142 133 130]
  [141 132 129]
  [141 132 129]]

 [[103 104  98]
  [102 103  97]
  [102 103  97]
  ...
  [142 132 130]
  [141 131 129]
  [141 131 129]]

 [[ 99 100  94]
  [102 103  97]
  [104 105  99]
  ...
  [148 139 137]
  [145 135 133]
  [145 135 133]]]",Chihuahua
"[[[174 163 166]
  [188 178 176]
  [189 180 173]
  ...
  [ 55  15  23]
  [ 53  22  35]
  [ 41  38  36]]

 [[186 176 176]
  [195 185 182]
  [197 188 180]
  ...
  [ 40  21  25]
  [ 36  25  32]
  [ 42  29  35]]

 [[188 178 174]
  [197 188 182]
  [200 191 181]
  ...
  [ 23  16  18]
  [ 25  17  20]
  [ 29  15  21]]

 ...

 [[ 14  10  11]
  [ 13  11  12]
  [ 13  13  13]
  ...
  [191 168 144]
  [202 185 160]
  [200 189 163]]

 [[ 13   8   9]
  [ 15  12  13]
  [ 12  11  12]
  ...
  [199 175 153]
  [186 167 144]
  [194 178 157]]

 [[ 14   9  11]
  [ 11   8   9]
  [ 13  11  12]
  ...
  [203 184 162]
  [187 172 148]
  [182 166 146]]]",Chihuahua
"[[[136 111 115]
  [136 111 115]
  [136 111 115]
  ...
  [156 131 137]
  [150 128 131]
  [145 124 120]]

 [[138 113 117]
  [138 113 117]
  [138 113 117]
  ...
  [157 133 140]
  [152 129 134]
  [146 125 123]]

 [[137 112 116]
  [137 112 116]
  [137 112 116]
  ...
  [158 134 141]
  [152 129 136]
  [146 125 125]]

 ...

 [[156 123 134]
  [157 124 135]
  [157 124 135]
  ...
  [166 129 143]
  [161 127 140]
  [156 123 129]]

 [[156 123 134]
  [155 122 133]
  [155 122 133]
  ...
  [164 127 142]
  [160 126 139]
  [154 122 127]]

 [[151 118 129]
  [151 118 129]
  [153 120 131]
  ...
  [163 128 143]
  [159 125 140]
  [153 121 124]]]",Chihuahua
"[[[168 174 157]
  [169 175 159]
  [169 175 158]
  ...
  [168 177 159]
  [167 175 152]
  [166 170 149]]

 [[172 175 164]
  [173 176 164]
  [173 176 165]
  ...
  [176 182 168]
  [174 181 162]
  [174 177 158]]

 [[176 177 169]
  [177 178 170]
  [178 179 171]
  ...
  [183 186 176]
  [182 185 171]
  [180 182 168]]

 ...

 [[185 182 177]
  [182 179 174]
  [181 178 173]
  ...
  [182 181 176]
  [180 179 174]
  [176 177 168]]

 [[184 177 174]
  [180 173 169]
  [179 172 168]
  ...
  [182 180 177]
  [175 176 173]
  [178 180 173]]

 [[184 173 172]
  [174 164 163]
  [173 163 162]
  ...
  [178 173 171]
  [174 175 172]
  [177 180 174]]]",Chihuahua
"[[[126 119  91]
  [127 120  94]
  [127 119  96]
  ...
  [ 82  76  54]
  [ 82  75  53]
  [ 86  73  56]]

 [[128 121  93]
  [127 120  94]
  [127 119  96]
  ...
  [ 82  74  53]
  [ 81  73  52]
  [ 84  71  54]]

 [[130 123  95]
  [129 122  96]
  [127 119  96]
  ...
  [ 83  72  52]
  [ 83  72  52]
  [ 84  72  51]]

 ...

 [[138 119  92]
  [136 120  91]
  [138 123  94]
  ...
  [115 101  72]
  [122 106  78]
  [121 106  77]]

 [[141 122  95]
  [133 117  89]
  [133 119  90]
  ...
  [116 102  73]
  [122 106  78]
  [121 106  77]]

 [[140 122  94]
  [134 118  90]
  [129 115  86]
  ...
  [118 103  74]
  [121 105  76]
  [120 105  76]]]",Chihuahua
"[[[ 19 123  12]
  [ 42 146  48]
  [ 56 159  86]
  ...
  [  2  29   9]
  [  7  52  10]
  [  5  50   2]]

 [[ 31 139  20]
  [ 24 133  15]
  [ 29 138  43]
  ...
  [  1  49  11]
  [  7  70  21]
  [  4  64   5]]

 [[ 43 159  27]
  [ 46 166  20]
  [ 41 158  35]
  ...
  [  4  82  20]
  [ 11  96  39]
  [  0  78   6]]

 ...

 [[101  91  28]
  [ 57  67  14]
  [ 45  39  13]
  ...
  [  3   1   8]
  [  9  66   3]
  [  9  85   4]]

 [[ 66  81  14]
  [ 67 102  13]
  [ 73  78  11]
  ...
  [  6  13   7]
  [ 14  72   8]
  [ 12  77   7]]

 [[ 33  47   4]
  [155 153  19]
  [214 176  28]
  ...
  [  8  28   9]
  [ 14  79  10]
  [  7  77   7]]]",Chihuahua
"[[[121  11   1]
  [109  13   2]
  [ 95  13   2]
  ...
  [114 127  51]
  [ 96 147  68]
  [107 160  86]]

 [[119  11   7]
  [106  11   6]
  [ 92   9   5]
  ...
  [156 114  27]
  [137 115  37]
  [110 132  48]]

 [[107  12   4]
  [ 95  10   2]
  [ 81   9   2]
  ...
  [165 107  10]
  [165 103  24]
  [157 104  23]]

 ...

 [[178 132  28]
  [169 119  22]
  [178 142  71]
  ...
  [199  22  10]
  [200  16   6]
  [199  15   2]]

 [[177 132  32]
  [166 114  31]
  [197 170 117]
  ...
  [195  20   9]
  [200  20   7]
  [196  12   1]]

 [[170 128  36]
  [181 134  64]
  [225 204 165]
  ...
  [201  23   9]
  [194  21   2]
  [190  14   1]]]",Chihuahua
"[[[104  67  61]
  [104  66  61]
  [108  67  63]
  ...
  [ 57  28  22]
  [ 56  28  22]
  [ 58  29  28]]

 [[104  67  61]
  [105  67  62]
  [107  66  62]
  ...
  [ 58  29  23]
  [ 58  29  23]
  [ 55  29  23]]

 [[105  68  62]
  [105  67  62]
  [106  65  61]
  ...
  [ 59  29  23]
  [ 58  30  23]
  [ 53  30  19]]

 ...

 [[ 34  54  82]
  [ 35  57  84]
  [ 32  55  82]
  ...
  [ 27  39  56]
  [ 29  39  58]
  [ 30  36  54]]

 [[ 36  54  84]
  [ 32  54  83]
  [ 32  57  85]
  ...
  [ 25  38  51]
  [ 29  38  56]
  [ 27  36  52]]

 [[ 35  54  84]
  [ 35  55  85]
  [ 34  57  85]
  ...
  [ 26  39  51]
  [ 25  35  54]
  [ 23  37  51]]]",Chihuahua
"[[[ 89  57  35]
  [ 90  58  36]
  [ 98  66  44]
  ...
  [171 118  77]
  [175 122  78]
  [176 123  79]]

 [[ 92  59  35]
  [ 95  63  39]
  [100  67  43]
  ...
  [178 125  81]
  [178 125  81]
  [178 125  81]]

 [[106  71  45]
  [106  71  46]
  [102  67  42]
  ...
  [181 128  80]
  [181 128  83]
  [182 129  84]]

 ...

 [[125  89  63]
  [128  92  66]
  [132  94  69]
  ...
  [ 28  21  18]
  [ 29  22  19]
  [ 29  22  19]]

 [[132  96  70]
  [135  99  73]
  [139 102  76]
  ...
  [ 30  22  16]
  [ 28  21  15]
  [ 28  21  15]]

 [[136  99  72]
  [139 102  75]
  [143 106  79]
  ...
  [ 30  21  16]
  [ 31  22  15]
  [ 30  21  16]]]",Chihuahua
"[[[ 69  59  47]
  [ 76  67  63]
  [126 113  89]
  ...
  [104  66  57]
  [106  68  59]
  [109  71  63]]

 [[ 74  62  49]
  [ 75  66  61]
  [128 114  90]
  ...
  [108  70  61]
  [110  70  62]
  [108  68  61]]

 [[ 77  64  50]
  [ 74  64  58]
  [131 115  90]
  ...
  [108  69  60]
  [112  71  63]
  [109  68  60]]

 ...

 [[125  86  68]
  [122  79  63]
  [116  74  58]
  ...
  [131  88  82]
  [136  92  85]
  [145 101  90]]

 [[126  83  64]
  [117  72  54]
  [101  63  42]
  ...
  [133  90  81]
  [141  97  88]
  [147 103  92]]

 [[119  75  56]
  [104  62  42]
  [ 97  62  40]
  ...
  [136  93  84]
  [140  96  87]
  [149 105  94]]]",Chihuahua
"[[[ 30  23   5]
  [ 30  23   5]
  [ 31  24   6]
  ...
  [ 65  49  13]
  [ 65  49  13]
  [ 65  49  13]]

 [[ 30  23   5]
  [ 30  23   5]
  [ 31  24   6]
  ...
  [ 65  49  13]
  [ 65  49  13]
  [ 65  49  13]]

 [[ 30  23   5]
  [ 30  23   5]
  [ 31  24   6]
  ...
  [ 65  49  13]
  [ 65  49  13]
  [ 65  49  13]]

 ...

 [[120 129 100]
  [122 133 101]
  [123 135 105]
  ...
  [102 125 107]
  [108 131 108]
  [104 128 106]]

 [[112 124 109]
  [120 132 116]
  [124 137 122]
  ...
  [ 90 112  99]
  [ 95 118 102]
  [ 96 119 103]]

 [[115 129 125]
  [118 132 127]
  [110 126 121]
  ...
  [111 132 122]
  [ 96 117 107]
  [ 86 107  97]]]",Chihuahua
"[[[119  50  22]
  [ 74  32  16]
  [ 34  14   5]
  ...
  [ 65  54  32]
  [ 65  54  34]
  [ 62  54  33]]

 [[109  46  20]
  [ 65  27  11]
  [ 31  12   4]
  ...
  [ 65  54  32]
  [ 66  56  35]
  [ 63  55  34]]

 [[ 92  38  16]
  [ 50  19   5]
  [ 28  10   2]
  ...
  [ 67  56  34]
  [ 66  55  35]
  [ 64  56  35]]

 ...

 [[ 45  27   7]
  [ 39  23   4]
  [ 33  19   2]
  ...
  [ 51  35  17]
  [ 44  33  13]
  [ 47  33  11]]

 [[ 39  24   4]
  [ 34  20   2]
  [ 32  19   3]
  ...
  [ 50  34  16]
  [ 43  32  12]
  [ 45  31  11]]

 [[ 36  18   2]
  [ 35  19   3]
  [ 35  21   6]
  ...
  [ 50  34  16]
  [ 43  32  13]
  [ 46  31  14]]]",Chihuahua
"[[[151 134  77]
  [148 131  77]
  [147 129  79]
  ...
  [163 164 143]
  [161 164 142]
  [155 156 135]]

 [[160 144  78]
  [161 145  85]
  [158 141  88]
  ...
  [163 163 142]
  [159 161 140]
  [152 153 133]]

 [[114 115  77]
  [ 82  82  53]
  [ 61  59  39]
  ...
  [135 135 115]
  [156 158 137]
  [145 147 126]]

 ...

 [[ 15   9  11]
  [ 16  10  12]
  [ 16  10  12]
  ...
  [ 41  18  11]
  [ 43  18  13]
  [ 40  17  11]]

 [[ 17  11  12]
  [ 16  10  12]
  [ 15   9  11]
  ...
  [ 41  20  13]
  [ 44  20  15]
  [ 42  20  14]]

 [[ 18  12  12]
  [ 16  10  11]
  [ 18  12  12]
  ...
  [ 41  19  13]
  [ 39  21  13]
  [ 37  20  12]]]",Chihuahua
"[[[ 55  62  26]
  [ 53  64  27]
  [ 55  70  31]
  ...
  [ 58  70  34]
  [ 54  68  32]
  [ 52  66  30]]

 [[ 60  67  30]
  [ 57  68  30]
  [ 57  71  32]
  ...
  [ 61  73  37]
  [ 57  70  34]
  [ 54  68  32]]

 [[ 57  66  29]
  [ 59  69  32]
  [ 62  74  36]
  ...
  [ 60  72  35]
  [ 59  72  36]
  [ 56  70  34]]

 ...

 [[114 106  69]
  [113 105  68]
  [121 113  76]
  ...
  [124 118  82]
  [128 122  86]
  [121 115  79]]

 [[122 114  77]
  [125 117  80]
  [127 119  82]
  ...
  [122 116  80]
  [131 125  89]
  [131 125  89]]

 [[127 119  82]
  [129 121  84]
  [128 120  83]
  ...
  [125 119  83]
  [128 122  86]
  [127 121  85]]]",Chihuahua
"[[[143  32  46]
  [141  29  43]
  [140  28  42]
  ...
  [ 94  96  99]
  [ 96  97 101]
  [ 97  97 102]]

 [[149  37  50]
  [150  38  51]
  [150  38  50]
  ...
  [ 95  96 100]
  [ 95  96 100]
  [ 97  96 102]]

 [[150  35  48]
  [153  38  50]
  [153  39  51]
  ...
  [ 96  97 101]
  [ 95  96 100]
  [ 97  96 102]]

 ...

 [[232 231 245]
  [233 232 245]
  [231 230 244]
  ...
  [100 113 106]
  [ 90 102  99]
  [ 67  92  81]]

 [[232 232 244]
  [233 233 245]
  [234 234 246]
  ...
  [ 68  93  85]
  [ 70  90  83]
  [ 75  98  91]]

 [[232 232 244]
  [234 234 246]
  [235 235 247]
  ...
  [ 70  96  88]
  [ 70  91  84]
  [ 69  87  83]]]",Chihuahua
"[[[141  52   8]
  [144  55   8]
  [149  58   6]
  ...
  [253 117   5]
  [253 114   3]
  [254 114   3]]

 [[141  53   8]
  [146  56   8]
  [151  59   7]
  ...
  [253 117   5]
  [253 115   4]
  [255 115   4]]

 [[144  54   8]
  [148  57   7]
  [153  59   6]
  ...
  [254 118   6]
  [254 116   5]
  [255 116   5]]

 ...

 [[184 167  93]
  [188 165  77]
  [170 141  64]
  ...
  [230 134  27]
  [218 125  17]
  [221 124  19]]

 [[182 166  99]
  [192 171  84]
  [176 148  70]
  ...
  [218 123  14]
  [222 126  19]
  [210 115   7]]

 [[174 158  97]
  [198 178  94]
  [182 156  77]
  ...
  [220 126  17]
  [213 113   9]
  [221 129  16]]]",Chihuahua
"[[[ 20  27  37]
  [ 18  25  35]
  [ 14  21  31]
  ...
  [ 70  99 127]
  [106 125 144]
  [156 169 169]]

 [[ 17  24  34]
  [ 19  26  36]
  [ 15  22  32]
  ...
  [ 71  99 132]
  [ 75  93 116]
  [ 76  86  87]]

 [[ 17  24  34]
  [ 16  23  33]
  [ 17  24  34]
  ...
  [ 71  97 135]
  [ 72  90 120]
  [ 33  41  45]]

 ...

 [[104 104 106]
  [119 118 120]
  [131 131 133]
  ...
  [138 137 134]
  [140 140 138]
  [140 139 134]]

 [[109 109 112]
  [113 113 116]
  [ 98  98 101]
  ...
  [122 122 115]
  [118 118 115]
  [140 139 136]]

 [[103 104 105]
  [106 106 107]
  [104 105 106]
  ...
  [131 130 120]
  [116 113 110]
  [130 129 127]]]",Chihuahua
"[[[117 109 107]
  [100  94  92]
  [ 93  88  89]
  ...
  [131 129  78]
  [109 112  65]
  [ 90  90  59]]

 [[151 142 138]
  [137 129 126]
  [102  96  95]
  ...
  [109 109  66]
  [ 94  98  58]
  [ 93  93  61]]

 [[167 157 149]
  [157 147 141]
  [140 132 127]
  ...
  [ 95  99  66]
  [ 82  86  55]
  [ 99 101  63]]

 ...

 [[237 209 188]
  [232 199 177]
  [224 191 167]
  ...
  [121  98  60]
  [ 72  61  40]
  [163 142 111]]

 [[239 211 190]
  [235 202 180]
  [237 203 180]
  ...
  [ 87  65  48]
  [ 96  87  65]
  [187 163 127]]

 [[237 210 188]
  [240 207 185]
  [241 207 184]
  ...
  [ 69  52  46]
  [136 120  96]
  [202 174 139]]]",Chihuahua
"[[[167 159 148]
  [168 160 149]
  [177 169 158]
  ...
  [124 105  81]
  [125 107  83]
  [120 103  81]]

 [[166 158 147]
  [174 166 155]
  [183 175 164]
  ...
  [128 108  84]
  [127 107  83]
  [119 100  77]]

 [[179 171 160]
  [184 176 165]
  [189 181 170]
  ...
  [135 110  86]
  [132 109  85]
  [122 102  78]]

 ...

 [[201 192 187]
  [198 189 184]
  [196 187 182]
  ...
  [187 178 173]
  [189 180 175]
  [188 181 175]]

 [[199 190 185]
  [201 192 187]
  [199 190 185]
  ...
  [188 179 174]
  [191 182 177]
  [189 180 175]]

 [[200 191 186]
  [202 193 188]
  [199 190 185]
  ...
  [189 180 175]
  [191 182 177]
  [189 180 175]]]",Chihuahua
"[[[178 196 203]
  [174 191 197]
  [162 176 181]
  ...
  [131 129 130]
  [129 127 128]
  [127 125 126]]

 [[191 207 214]
  [187 201 208]
  [168 180 184]
  ...
  [129 127 128]
  [128 126 127]
  [128 126 127]]

 [[199 211 217]
  [192 204 209]
  [171 181 185]
  ...
  [127 125 126]
  [128 125 127]
  [129 127 128]]

 ...

 [[121 121 121]
  [122 122 122]
  [125 125 125]
  ...
  [115 115 115]
  [114 114 114]
  [113 113 113]]

 [[125 125 125]
  [127 127 127]
  [129 129 129]
  ...
  [114 114 114]
  [114 114 114]
  [111 111 111]]

 [[131 131 131]
  [136 136 136]
  [139 139 139]
  ...
  [112 112 112]
  [110 110 110]
  [104 104 104]]]",Chihuahua
"[[[ 82  83  85]
  [ 84  85  87]
  [ 88  89  91]
  ...
  [ 15  14   9]
  [ 18  17  12]
  [ 16  15  10]]

 [[ 92  93  95]
  [ 87  88  90]
  [ 90  91  93]
  ...
  [ 17  16  11]
  [ 13  12   7]
  [ 16  15  10]]

 [[ 89  90  92]
  [ 92  93  95]
  [ 94  95  97]
  ...
  [ 18  17  12]
  [ 17  16  11]
  [ 19  18  13]]

 ...

 [[145 141 138]
  [134 130 127]
  [133 129 126]
  ...
  [149 148 146]
  [153 151 147]
  [163 159 155]]

 [[147 143 140]
  [132 128 125]
  [130 126 123]
  ...
  [150 149 149]
  [154 151 148]
  [157 153 150]]

 [[138 134 131]
  [129 125 122]
  [124 120 117]
  ...
  [142 141 142]
  [152 149 147]
  [165 160 158]]]",Chihuahua
"[[[146 106  71]
  [142 102  68]
  [133  93  60]
  ...
  [116  25  44]
  [116  27  49]
  [114  25  47]]

 [[152 112  77]
  [135  95  60]
  [143 103  69]
  ...
  [118  28  46]
  [116  27  49]
  [116  27  49]]

 [[127  87  52]
  [145 105  70]
  [145 105  70]
  ...
  [116  26  45]
  [116  27  49]
  [115  26  48]]

 ...

 [[121 101  93]
  [112  89  76]
  [121  93  73]
  ...
  [144 127 118]
  [141 120 117]
  [130 111 106]]

 [[116  97  87]
  [113  91  85]
  [113  87  87]
  ...
  [142 126 117]
  [137 117 114]
  [132 111 110]]

 [[104  80  79]
  [113  88  87]
  [114  88  86]
  ...
  [140 125 117]
  [133 114 110]
  [130 110 109]]]",Chihuahua
"[[[ 76  90  75]
  [ 76  90  75]
  [ 79  93  78]
  ...
  [ 14  19  25]
  [ 15  20  24]
  [ 23  28  31]]

 [[ 62  78  76]
  [ 63  79  77]
  [ 66  82  79]
  ...
  [  8  13  19]
  [ 13  18  22]
  [ 22  27  30]]

 [[ 59  79  80]
  [ 60  80  81]
  [ 62  83  83]
  ...
  [  7  12  17]
  [ 12  17  21]
  [ 21  26  31]]

 ...

 [[122 124 119]
  [123 125 120]
  [122 124 119]
  ...
  [ 21  36  43]
  [ 33  48  55]
  [ 43  58  63]]

 [[119 121 116]
  [117 119 114]
  [121 123 118]
  ...
  [ 17  32  39]
  [ 19  34  41]
  [ 39  54  61]]

 [[128 130 127]
  [118 120 117]
  [127 129 126]
  ...
  [ 68  83  90]
  [ 84  99 105]
  [135 150 157]]]",Chihuahua
"[[[  8   9  13]
  [ 10  11  15]
  [ 10  11  15]
  ...
  [ 15  21  19]
  [ 17  22  20]
  [ 18  19  19]]

 [[  8   9  13]
  [ 10  11  15]
  [ 10  11  15]
  ...
  [ 17  21  19]
  [ 16  20  19]
  [ 17  18  17]]

 [[  8   9  13]
  [ 10  11  15]
  [ 10  11  15]
  ...
  [ 15  17  14]
  [ 14  16  14]
  [ 14  15  13]]

 ...

 [[ 79  74  70]
  [ 96  92  87]
  [106 101  97]
  ...
  [106  96  95]
  [105  96  94]
  [103  95  92]]

 [[110 104 100]
  [104 102  97]
  [106 102  97]
  ...
  [116 106 104]
  [114 105 101]
  [101  93  91]]

 [[104  98  94]
  [105 103  98]
  [106 102  98]
  ...
  [111 101  99]
  [ 97  88  83]
  [ 91  86  83]]]",Chihuahua
"[[[125 114 110]
  [110  99  95]
  [104  93  89]
  ...
  [ 21  21  21]
  [ 21  21  21]
  [ 22  22  22]]

 [[112 101  97]
  [ 97  86  82]
  [ 90  79  75]
  ...
  [  0   0   0]
  [  0   0   0]
  [  3   3   3]]

 [[110  99  95]
  [ 98  87  83]
  [ 93  82  78]
  ...
  [  2   2   2]
  [  2   2   2]
  [  3   3   3]]

 ...

 [[147 128 113]
  [137 118 103]
  [131 112  97]
  ...
  [136 110  97]
  [132 107  93]
  [135 115 100]]

 [[150 131 116]
  [138 119 104]
  [130 111  96]
  ...
  [137 111  98]
  [140 115 102]
  [138 118 103]]

 [[146 127 112]
  [137 118 103]
  [133 114  99]
  ...
  [140 114 101]
  [140 115 101]
  [133 113  98]]]",Chihuahua
"[[[142 148 151]
  [127 137 138]
  [122 134 134]
  ...
  [ 20  29  26]
  [ 19  28  25]
  [ 25  34  31]]

 [[150 156 159]
  [131 141 142]
  [123 135 135]
  ...
  [ 22  31  28]
  [ 21  30  27]
  [ 27  36  33]]

 [[151 157 160]
  [131 141 142]
  [122 134 134]
  ...
  [ 21  30  27]
  [ 22  31  28]
  [ 28  37  34]]

 ...

 [[140 151 147]
  [123 133 129]
  [114 122 119]
  ...
  [ 15  24  21]
  [ 15  24  21]
  [ 11  20  17]]

 [[134 145 141]
  [122 132 129]
  [117 124 122]
  ...
  [ 19  28  25]
  [ 18  27  24]
  [ 12  21  18]]

 [[139 147 144]
  [124 132 130]
  [118 123 122]
  ...
  [ 26  34  31]
  [ 28  37  34]
  [ 20  29  26]]]",Chihuahua
"[[[207 220 229]
  [211 224 233]
  [214 227 236]
  ...
  [190 202 210]
  [185 204 211]
  [178 204 212]]

 [[215 228 237]
  [214 227 236]
  [213 226 235]
  ...
  [187 204 210]
  [182 206 211]
  [179 208 215]]

 [[215 228 237]
  [212 225 234]
  [207 220 229]
  ...
  [182 206 209]
  [178 207 210]
  [172 205 211]]

 ...

 [[190 182 171]
  [199 191 180]
  [201 193 182]
  ...
  [218 213 194]
  [214 209 190]
  [210 205 186]]

 [[194 186 175]
  [201 193 182]
  [192 184 173]
  ...
  [214 206 188]
  [213 206 188]
  [214 206 189]]

 [[194 186 175]
  [202 194 183]
  [195 187 176]
  ...
  [208 201 183]
  [212 205 187]
  [214 207 189]]]",Chihuahua
"[[[147 151 116]
  [149 153 118]
  [149 153 118]
  ...
  [148 148 114]
  [147 147 113]
  [147 147 113]]

 [[149 153 118]
  [149 153 118]
  [149 153 118]
  ...
  [148 148 114]
  [148 148 114]
  [148 148 114]]

 [[149 153 118]
  [149 153 118]
  [150 154 119]
  ...
  [151 151 117]
  [150 150 116]
  [150 150 116]]

 ...

 [[145 149 114]
  [146 150 115]
  [148 152 117]
  ...
  [145 140 110]
  [146 141 111]
  [146 141 111]]

 [[146 150 115]
  [147 151 116]
  [145 149 114]
  ...
  [146 141 111]
  [145 140 110]
  [143 138 108]]

 [[144 148 113]
  [143 147 112]
  [143 147 112]
  ...
  [144 139 109]
  [143 138 108]
  [145 140 110]]]",Chihuahua
"[[[150 129 118]
  [132  95  74]
  [117  60  27]
  ...
  [ 91  57  42]
  [ 67  35  21]
  [ 46  23   9]]

 [[139  86  57]
  [128  79  50]
  [113  68  35]
  ...
  [ 51  29  14]
  [ 45  26  11]
  [ 34  19   6]]

 [[173  97  73]
  [156  91  66]
  [120  68  38]
  ...
  [ 23  15   9]
  [ 35  23  12]
  [ 37  22  13]]

 ...

 [[ 16  14   8]
  [ 15  10   5]
  [ 17  10   6]
  ...
  [169 132 109]
  [169 135 108]
  [157 123  90]]

 [[ 35  12   5]
  [ 45  18  12]
  [ 48  15  11]
  ...
  [163 124  98]
  [165 132 104]
  [162 128  96]]

 [[ 55  18  11]
  [ 56  19  11]
  [ 56  15   9]
  ...
  [161 123  83]
  [162 127  91]
  [166 130  94]]]",Chihuahua
"[[[103  89  76]
  [107  93  80]
  [110  96  83]
  ...
  [128 112  87]
  [126 110  85]
  [124 107  88]]

 [[106  92  79]
  [108  94  81]
  [112  98  85]
  ...
  [130 114  89]
  [128 112  87]
  [127 110  88]]

 [[107  93  80]
  [111  97  84]
  [114 100  87]
  ...
  [132 116  91]
  [130 114  89]
  [128 112  87]]

 ...

 [[135 110 109]
  [165 150 151]
  [166 158 157]
  ...
  [166 159 176]
  [160 154 170]
  [146 142 157]]

 [[142 117 119]
  [154 138 137]
  [147 135 131]
  ...
  [148 144 161]
  [145 142 158]
  [147 145 158]]

 [[135 126 132]
  [138 132 135]
  [145 136 137]
  ...
  [143 139 156]
  [138 135 150]
  [134 132 145]]]",Chihuahua
"[[[ 31  21  20]
  [ 33  24  22]
  [ 30  22  22]
  ...
  [  2   2  12]
  [  2   2  12]
  [  3   3  13]]

 [[ 38  28  27]
  [ 36  27  26]
  [ 31  22  23]
  ...
  [  2   2  12]
  [  3   3  13]
  [  5   5  15]]

 [[ 52  42  40]
  [ 39  30  29]
  [ 32  24  24]
  ...
  [  4   4  14]
  [  5   5  15]
  [  5   5  15]]

 ...

 [[196  79  38]
  [197  81  40]
  [198  81  40]
  ...
  [135 116 114]
  [144 127 127]
  [168 153 154]]

 [[196  79  36]
  [197  80  38]
  [197  80  37]
  ...
  [130 113 113]
  [129 111 109]
  [136 118 114]]

 [[195  77  37]
  [197  79  39]
  [196  78  38]
  ...
  [149 124 120]
  [140 112 112]
  [141 118 116]]]",Chihuahua
"[[[ 22  22  32]
  [ 22  22  32]
  [ 21  21  31]
  ...
  [ 77  57  74]
  [ 72  57  75]
  [ 73  57  70]]

 [[ 22  22  32]
  [ 22  22  32]
  [ 20  20  30]
  ...
  [ 76  56  73]
  [ 70  56  74]
  [ 74  54  69]]

 [[ 22  22  32]
  [ 22  22  32]
  [ 22  22  32]
  ...
  [ 77  57  74]
  [ 72  57  76]
  [ 77  55  72]]

 ...

 [[225 193 180]
  [227 195 182]
  [230 198 185]
  ...
  [221 184 172]
  [221 184 173]
  [221 186 168]]

 [[220 188 175]
  [224 192 179]
  [225 193 180]
  ...
  [217 182 169]
  [217 181 170]
  [217 182 164]]

 [[219 187 174]
  [221 189 176]
  [221 189 176]
  ...
  [217 184 169]
  [216 183 167]
  [214 180 161]]]",Chihuahua
"[[[128 123 103]
  [124 120 100]
  [120 118 100]
  ...
  [145 166 149]
  [148 174 159]
  [112 153 134]]

 [[123 116  96]
  [116 112  91]
  [108 106  87]
  ...
  [121 154 133]
  [109 152 129]
  [ 85 124 103]]

 [[108 103  82]
  [ 99  94  74]
  [ 90  87  69]
  ...
  [105 149 123]
  [ 76 123  97]
  [132 158 138]]

 ...

 [[148 146 125]
  [148 146 125]
  [147 145 124]
  ...
  [ 87  69  55]
  [ 85  67  53]
  [ 87  69  55]]

 [[148 146 125]
  [148 146 125]
  [147 145 124]
  ...
  [ 86  68  54]
  [ 86  68  54]
  [ 87  69  55]]

 [[148 146 125]
  [148 146 125]
  [147 145 124]
  ...
  [ 86  68  54]
  [ 86  68  54]
  [ 86  68  54]]]",Chihuahua
"[[[207 206 195]
  [148 139 122]
  [145 131 109]
  ...
  [168 167 163]
  [165 150 140]
  [167 151 138]]

 [[217 216 205]
  [160 152 136]
  [142 129 109]
  ...
  [165 167 162]
  [161 154 142]
  [167 157 142]]

 [[206 204 191]
  [179 172 157]
  [137 126 107]
  ...
  [201 205 200]
  [157 157 147]
  [159 156 140]]

 ...

 [[193 140  76]
  [199 151  82]
  [177 131  60]
  ...
  [193 155  84]
  [206 177 114]
  [195 166 103]]

 [[202 150  86]
  [195 147  78]
  [190 144  73]
  ...
  [206 169  97]
  [207 179 121]
  [209 179 127]]

 [[178 126  62]
  [192 145  75]
  [201 156  85]
  ...
  [198 162  90]
  [201 170 112]
  [201 170 118]]]",Chihuahua
"[[[177 182 185]
  [157 162 165]
  [146 151 154]
  ...
  [ 92  96  75]
  [ 89  95  74]
  [ 91  92  74]]

 [[182 187 190]
  [157 162 165]
  [167 172 175]
  ...
  [ 95  95  72]
  [ 94  96  74]
  [ 94  95  76]]

 [[201 206 209]
  [200 205 207]
  [192 197 200]
  ...
  [ 98  96  73]
  [ 99  98  74]
  [ 97  98  79]]

 ...

 [[ 98  96  85]
  [ 97  97  84]
  [ 96  98  82]
  ...
  [ 31  30  23]
  [ 33  32  25]
  [ 32  30  28]]

 [[ 97  94  85]
  [ 96  95  83]
  [ 97  98  83]
  ...
  [ 29  25  21]
  [ 29  26  21]
  [ 34  30  25]]

 [[ 93  89  80]
  [ 92  90  79]
  [ 97  99  84]
  ...
  [ 26  24  19]
  [ 27  25  20]
  [ 30  28  23]]]",Chihuahua
"[[[ 39  66  57]
  [ 45  44  40]
  [ 60  41  40]
  ...
  [ 61  49  49]
  [ 73  61  61]
  [ 67  55  55]]

 [[ 88 110 101]
  [ 49  50  45]
  [ 54  43  41]
  ...
  [ 71  59  59]
  [ 67  55  55]
  [ 61  49  49]]

 [[ 50  52  47]
  [ 55  47  45]
  [ 57  47  47]
  ...
  [ 68  57  55]
  [ 67  55  54]
  [ 61  50  48]]

 ...

 [[ 46  36  28]
  [ 45  39  35]
  [ 43  39  37]
  ...
  [ 33  29  18]
  [ 24  23  13]
  [ 27  24  15]]

 [[ 44  35  30]
  [ 48  43  46]
  [ 64  61  67]
  ...
  [ 34  34  21]
  [ 50  49  39]
  [ 22  17  12]]

 [[ 39  30  29]
  [ 55  50  59]
  [ 68  65  79]
  ...
  [ 25  26  12]
  [ 36  33  23]
  [ 24  16  14]]]",Chihuahua
"[[[187 160 117]
  [174 149 105]
  [192 168 124]
  ...
  [211 206 204]
  [209 204 201]
  [197 192 190]]

 [[179 151 109]
  [178 150 107]
  [194 166 123]
  ...
  [215 212 199]
  [216 212 199]
  [212 209 196]]

 [[193 161 120]
  [193 161 120]
  [171 140  99]
  ...
  [212 210 188]
  [210 208 186]
  [195 193 171]]

 ...

 [[ 68  48  50]
  [200 183 181]
  [244 234 224]
  ...
  [205  88  74]
  [200  84  70]
  [207  91  78]]

 [[ 46  30  33]
  [158 144 142]
  [242 233 222]
  ...
  [196  84  70]
  [205  93  80]
  [206  94  82]]

 [[ 74  58  61]
  [148 134 131]
  [243 234 223]
  ...
  [209 104  92]
  [220 116 104]
  [213 110  97]]]",Chihuahua
"[[[232 228 216]
  [232 228 216]
  [232 228 216]
  ...
  [197 190 171]
  [195 188 169]
  [194 187 168]]

 [[234 230 218]
  [234 230 218]
  [234 230 218]
  ...
  [198 191 172]
  [197 190 171]
  [196 189 170]]

 [[233 229 217]
  [233 229 217]
  [233 229 217]
  ...
  [197 190 171]
  [196 189 170]
  [196 189 170]]

 ...

 [[108 121 146]
  [113 124 148]
  [119 127 148]
  ...
  [196 209 246]
  [196 208 246]
  [201 213 250]]

 [[133 139 151]
  [140 147 157]
  [142 147 156]
  ...
  [200 214 244]
  [204 216 249]
  [204 216 249]]

 [[153 154 157]
  [145 148 153]
  [137 143 152]
  ...
  [205 218 244]
  [202 210 244]
  [204 210 243]]]",Chihuahua
"[[[  5  11   5]
  [  9  11   6]
  [ 15  11   8]
  ...
  [ 26  20  13]
  [ 23  18  12]
  [ 18  16   8]]

 [[ 13  12   8]
  [ 14  14  12]
  [ 14  15  16]
  ...
  [ 34  21  14]
  [ 35  22  18]
  [ 32  22  16]]

 [[ 36  16   8]
  [ 28  13   7]
  [ 14   5   2]
  ...
  [ 40  18  14]
  [ 40  19  16]
  [ 39  21  16]]

 ...

 [[ 79  50  24]
  [ 77  47  22]
  [ 74  43  19]
  ...
  [109  76  39]
  [111  78  43]
  [111  78  43]]

 [[ 79  53  29]
  [ 79  53  27]
  [ 77  47  20]
  ...
  [107  75  36]
  [115  78  47]
  [115  81  48]]

 [[ 78  51  28]
  [ 85  56  31]
  [ 91  60  33]
  ...
  [112  81  42]
  [113  77  43]
  [107  74  36]]]",Chihuahua
"[[[ 28   8   7]
  [ 28   8   7]
  [ 28   8   7]
  ...
  [ 52  75 144]
  [ 45  67 135]
  [ 42  63 129]]

 [[ 28   8   7]
  [ 28   8   7]
  [ 28   8   7]
  ...
  [ 56  78 148]
  [ 49  72 140]
  [ 45  67 133]]

 [[ 29   9   8]
  [ 29   9   8]
  [ 28   8   7]
  ...
  [ 69  89 162]
  [ 58  77 148]
  [ 52  73 140]]

 ...

 [[ 80  94 171]
  [ 59  82 146]
  [ 57  86 134]
  ...
  [ 26  11  11]
  [ 27  11  11]
  [ 27   7   6]]

 [[ 81  92 173]
  [ 77  95 172]
  [ 63  85 151]
  ...
  [ 26  11  12]
  [ 25  10  10]
  [ 26   7   8]]

 [[ 86  98 178]
  [ 80  97 174]
  [ 78  96 170]
  ...
  [ 27  11  12]
  [ 26   9  10]
  [ 26   7   8]]]",Chihuahua
"[[[149 117  77]
  [148 117  70]
  [144 115  57]
  ...
  [154 108  47]
  [148 103  37]
  [143  99  29]]

 [[145 112  76]
  [143 112  65]
  [140 110  53]
  ...
  [150 106  46]
  [145 103  38]
  [144 102  33]]

 [[140 107  74]
  [140 109  65]
  [138 109  53]
  ...
  [144 105  47]
  [142 104  41]
  [144 106  39]]

 ...

 [[126  89  45]
  [126  90  52]
  [130  93  61]
  ...
  [114  82  35]
  [125  89  41]
  [113  72  22]]

 [[135  94  53]
  [140 100  64]
  [145 103  74]
  ...
  [113  78  32]
  [116  75  28]
  [112  67  18]]

 [[165 121  80]
  [168 123  88]
  [171 126  99]
  ...
  [129  88  44]
  [118  74  28]
  [137  90  41]]]",Chihuahua
"[[[30 35 28]
  [31 36 29]
  [25 30 23]
  ...
  [46 48 47]
  [22 23 22]
  [10 10 10]]

 [[28 33 26]
  [31 36 29]
  [29 34 27]
  ...
  [39 41 40]
  [31 33 32]
  [11 11 11]]

 [[38 43 36]
  [34 39 32]
  [40 45 38]
  ...
  [17 19 18]
  [10 12 11]
  [ 8  8  8]]

 ...

 [[33 38 33]
  [32 37 31]
  [27 32 27]
  ...
  [55 60 56]
  [34 39 35]
  [37 39 36]]

 [[29 34 30]
  [23 28 24]
  [21 26 23]
  ...
  [55 60 56]
  [47 52 48]
  [34 36 33]]

 [[24 29 25]
  [19 24 20]
  [23 28 24]
  ...
  [46 51 47]
  [54 58 54]
  [38 40 37]]]",Chihuahua
"[[[ 15  12   5]
  [ 15  11   5]
  [ 20  13   7]
  ...
  [ 27  17   7]
  [ 30  20  10]
  [ 29  21  10]]

 [[ 13  10   3]
  [ 16  12   5]
  [ 19  13   7]
  ...
  [ 26  16   6]
  [ 27  17   8]
  [ 29  19  11]]

 [[ 14  11   4]
  [ 13   9   3]
  [ 18  11   5]
  ...
  [ 28  18   8]
  [ 28  18   8]
  [ 29  18  12]]

 ...

 [[148 109  54]
  [149 110  53]
  [147 106  57]
  ...
  [ 74  47  24]
  [ 80  53  29]
  [ 85  58  29]]

 [[144 105  52]
  [144 105  49]
  [144 104  52]
  ...
  [ 95  63  35]
  [100  68  36]
  [105  74  38]]

 [[143 103  52]
  [143 104  48]
  [141 102  44]
  ...
  [113  78  42]
  [120  84  44]
  [123  88  46]]]",Chihuahua
"[[[118 226  98]
  [118 229 104]
  [113 232  99]
  ...
  [ 14  90  18]
  [ 20 105  26]
  [ 15 108  16]]

 [[125 234 106]
  [119 232 105]
  [114 233  99]
  ...
  [ 26 113  26]
  [ 10 102  11]
  [  9 110   0]]

 [[118 229  99]
  [115 229  99]
  [110 229  94]
  ...
  [ 30 124  25]
  [ 15 115   6]
  [ 24 132  10]]

 ...

 [[ 34  73  31]
  [  7  62   7]
  [ 16  71  26]
  ...
  [  0   4   0]
  [  1  25   1]
  [  3  31   2]]

 [[ 11  37   7]
  [  5  51   5]
  [  8  58  17]
  ...
  [  4   7   4]
  [  5  25   5]
  [  3  31   3]]

 [[  8  22   5]
  [  6  39   4]
  [  3  46   9]
  ...
  [  6   7   6]
  [  3  15   3]
  [  1  22   1]]]",Chihuahua
"[[[ 53  80 135]
  [ 53 110 202]
  [ 46 124 239]
  ...
  [ 36  69 132]
  [ 25  60 116]
  [ 32  70 124]]

 [[ 37  53  79]
  [ 61 107 172]
  [ 55 130 233]
  ...
  [ 56 139 239]
  [ 52 137 237]
  [ 64 134 239]]

 [[ 26  30  25]
  [ 49  75 105]
  [ 62 123 199]
  ...
  [ 62 147 247]
  [ 58 146 248]
  [ 57 138 232]]

 ...

 [[ 48  69  87]
  [ 50  82 109]
  [ 45  87 119]
  ...
  [155 171 169]
  [156 169 170]
  [156 169 170]]

 [[ 44  69  86]
  [ 42  72  92]
  [ 42  81 109]
  ...
  [143 158 157]
  [161 173 173]
  [151 161 160]]

 [[ 39  63  80]
  [ 46  75  96]
  [ 50  87 115]
  ...
  [154 169 169]
  [152 165 165]
  [146 155 154]]]",Chihuahua
"[[[200  33  51]
  [195  31  48]
  [195  36  48]
  ...
  [225 206 193]
  [227 207 196]
  [226 206 197]]

 [[197  32  50]
  [192  30  46]
  [189  32  44]
  ...
  [227 207 195]
  [227 207 196]
  [224 204 195]]

 [[194  32  48]
  [193  34  48]
  [190  34  45]
  ...
  [232 212 200]
  [221 201 190]
  [214 194 184]]

 ...

 [[200 178 164]
  [146 124 110]
  [156 135 121]
  ...
  [226 208 194]
  [223 205 191]
  [218 200 186]]

 [[205 179 165]
  [135 111  96]
  [125 100  85]
  ...
  [217 201 186]
  [216 199 185]
  [215 199 184]]

 [[183 157 142]
  [124  98  83]
  [129 102  87]
  ...
  [221 205 190]
  [219 203 188]
  [219 203 188]]]",Chihuahua
"[[[ 86  49  22]
  [ 85  48  21]
  [ 88  51  24]
  ...
  [ 22  18   7]
  [ 22  18   7]
  [ 22  18   7]]

 [[ 88  51  24]
  [ 91  54  27]
  [ 92  55  28]
  ...
  [ 22  18   7]
  [ 22  18   7]
  [ 21  18   7]]

 [[ 81  44  17]
  [ 85  48  21]
  [ 89  53  25]
  ...
  [ 22  18   7]
  [ 22  18   7]
  [ 22  18   8]]

 ...

 [[ 55 140 213]
  [ 50 136 212]
  [ 54 142 221]
  ...
  [217 239 253]
  [217 239 253]
  [216 239 252]]

 [[ 52 144 219]
  [ 54 141 219]
  [ 57 141 219]
  ...
  [217 239 253]
  [217 239 253]
  [216 239 252]]

 [[ 52 143 229]
  [ 51 139 220]
  [ 61 145 215]
  ...
  [214 237 251]
  [214 237 251]
  [212 237 251]]]",Chihuahua
"[[[101 165 237]
  [102 166 238]
  [106 170 242]
  ...
  [216 240 254]
  [216 239 254]
  [217 240 254]]

 [[104 168 240]
  [105 169 241]
  [108 172 244]
  ...
  [209 236 253]
  [211 237 254]
  [213 238 254]]

 [[106 170 242]
  [109 173 245]
  [110 174 246]
  ...
  [201 232 253]
  [203 234 254]
  [202 233 253]]

 ...

 [[ 19  18  10]
  [ 20  21  12]
  [ 33  28  22]
  ...
  [123 106  70]
  [122 108  64]
  [114 100  56]]

 [[ 44  36  27]
  [ 24  27  16]
  [ 19  17   8]
  ...
  [130 102  68]
  [ 93  83  41]
  [102  86  38]]

 [[ 46  31  23]
  [ 38  33  22]
  [ 23  27  12]
  ...
  [122  98  68]
  [ 91  80  43]
  [ 95  80  23]]]",Chihuahua
"[[[ 63  90  81]
  [ 76 101  89]
  [ 39  60  46]
  ...
  [100  27  21]
  [ 96  23  17]
  [101  28  22]]

 [[ 12  33  26]
  [ 52  75  66]
  [ 47  65  54]
  ...
  [ 93  20  14]
  [ 99  26  20]
  [ 99  26  20]]

 [[  0   7   5]
  [  5  17  13]
  [ 21  35  29]
  ...
  [ 94  21  15]
  [100  27  21]
  [101  28  22]]

 ...

 [[127  41  40]
  [134  48  47]
  [131  45  44]
  ...
  [121  39  35]
  [126  45  43]
  [123  42  42]]

 [[120  34  33]
  [126  40  39]
  [132  46  45]
  ...
  [125  42  38]
  [128  44  43]
  [128  43  45]]

 [[127  41  40]
  [131  45  44]
  [132  46  45]
  ...
  [126  42  38]
  [124  40  39]
  [123  38  40]]]",Chihuahua
"[[[ 29  13   5]
  [ 31  14   6]
  [ 34  18   9]
  ...
  [ 86  54  33]
  [ 84  54  32]
  [ 80  52  30]]

 [[ 27  14   5]
  [ 27  14   6]
  [ 26  14   5]
  ...
  [ 87  56  35]
  [ 88  57  36]
  [ 83  55  33]]

 [[ 21  13   4]
  [ 20  12   2]
  [ 19  12   2]
  ...
  [ 93  62  41]
  [ 88  58  36]
  [ 83  55  33]]

 ...

 [[178 152 113]
  [179 154 112]
  [179 155 113]
  ...
  [150 155 159]
  [159 160 160]
  [155 157 156]]

 [[177 151 112]
  [178 154 112]
  [173 147 108]
  ...
  [153 158 162]
  [158 158 159]
  [154 155 154]]

 [[176 151 111]
  [172 147 106]
  [155 129  92]
  ...
  [153 158 162]
  [157 158 159]
  [153 155 154]]]",Chihuahua
"[[[ 78  83  86]
  [ 76  80  83]
  [ 78  82  85]
  ...
  [101 106 110]
  [ 79  82  87]
  [ 51  53  58]]

 [[ 97  98  97]
  [ 93  94  93]
  [107 108 107]
  ...
  [111 116 120]
  [111 115 119]
  [ 84  87  92]]

 [[109 112 110]
  [104 107 105]
  [103 106 104]
  ...
  [112 118 122]
  [109 117 120]
  [108 114 117]]

 ...

 [[ 66 123 151]
  [ 64 121 149]
  [ 62 118 148]
  ...
  [ 30  32  31]
  [ 32  34  33]
  [ 30  32  31]]

 [[ 63 123 154]
  [ 66 124 155]
  [ 66 122 153]
  ...
  [ 33  35  34]
  [ 32  34  33]
  [ 31  33  32]]

 [[ 59 115 145]
  [ 61 116 150]
  [ 62 116 154]
  ...
  [ 31  33  34]
  [ 31  34  33]
  [ 32  33  33]]]",Chihuahua
"[[[120  98 101]
  [121  99 102]
  [122 100 103]
  ...
  [142 115 126]
  [144 116 127]
  [135 110 113]]

 [[122 100 103]
  [123 101 104]
  [124 102 105]
  ...
  [143 117 128]
  [145 117 128]
  [136 111 114]]

 [[123 101 104]
  [124 102 105]
  [125 103 106]
  ...
  [144 117 128]
  [144 117 127]
  [138 113 116]]

 ...

 [[  4   2   3]
  [  1   1   1]
  [  1   2   2]
  ...
  [131  95 109]
  [132  96 109]
  [123  89  93]]

 [[  3   3   3]
  [  1   1   1]
  [  2   1   2]
  ...
  [128  92 105]
  [129  93 105]
  [120  85  90]]

 [[  2   2   2]
  [  2   2   2]
  [  2   2   2]
  ...
  [125  89 100]
  [125  90  98]
  [115  80  85]]]",Chihuahua
"[[[  9  10   5]
  [  7   8   3]
  [  5   6   1]
  ...
  [  3   3   1]
  [  3   3   1]
  [  3   3   1]]

 [[  9  10   5]
  [  7   8   3]
  [  5   6   1]
  ...
  [  3   3   1]
  [  3   3   1]
  [  3   3   1]]

 [[  9  10   5]
  [  7   8   3]
  [  5   6   1]
  ...
  [  3   3   1]
  [  3   3   1]
  [  3   3   1]]

 ...

 [[ 55  43  21]
  [102  84  59]
  [126 102  73]
  ...
  [126 108  84]
  [127 109  85]
  [129 111  87]]

 [[ 49  39  20]
  [106  89  68]
  [114  91  68]
  ...
  [129 111  87]
  [129 111  87]
  [129 111  87]]

 [[ 57  29  20]
  [ 67  42  32]
  [ 63  43  32]
  ...
  [133 115  91]
  [133 115  91]
  [131 113  89]]]",Chihuahua
"[[[165 162 180]
  [163 165 155]
  [155 163 136]
  ...
  [155 160 156]
  [152 157 153]
  [150 155 151]]

 [[168 165 181]
  [168 170 159]
  [157 165 139]
  ...
  [155 160 156]
  [153 158 154]
  [151 156 152]]

 [[167 165 177]
  [168 171 162]
  [159 166 145]
  ...
  [156 161 157]
  [153 158 154]
  [151 156 152]]

 ...

 [[136  83  67]
  [135  82  66]
  [134  82  68]
  ...
  [161 160 157]
  [161 161 159]
  [157 158 157]]

 [[136  82  66]
  [132  79  63]
  [131  77  64]
  ...
  [155 154 151]
  [152 152 150]
  [146 147 146]]

 [[133  80  66]
  [131  79  65]
  [130  78  65]
  ...
  [143 144 139]
  [142 143 139]
  [139 141 138]]]",Chihuahua
"[[[120  92  52]
  [122  94  54]
  [124  96  56]
  ...
  [132 108  71]
  [131 106  70]
  [127 105  67]]

 [[123  95  55]
  [123  95  55]
  [124  96  56]
  ...
  [131 112  71]
  [130 111  69]
  [131 108  65]]

 [[124  96  56]
  [124  96  56]
  [125  97  57]
  ...
  [139 111  71]
  [136 110  69]
  [133 108  63]]

 ...

 [[119  26  31]
  [124  26  33]
  [132  28  37]
  ...
  [141  27  32]
  [139  29  34]
  [138  27  34]]

 [[129  26  35]
  [133  25  35]
  [136  28  39]
  ...
  [140  26  33]
  [140  27  34]
  [137  26  33]]

 [[131  28  37]
  [137  29  39]
  [139  30  40]
  ...
  [142  28  34]
  [141  28  34]
  [139  28  33]]]",Chihuahua
"[[[ 43 142 174]
  [ 46 145 177]
  [ 45 144 176]
  ...
  [ 39 134 162]
  [ 39 132 158]
  [ 32 137 162]]

 [[ 42 141 172]
  [ 42 141 173]
  [ 43 142 174]
  ...
  [ 32 128 163]
  [ 45 138 172]
  [ 36 140 168]]

 [[ 45 144 174]
  [ 46 145 175]
  [ 44 143 173]
  ...
  [ 34 132 174]
  [ 36 131 174]
  [ 31 137 168]]

 ...

 [[ 43 140 171]
  [ 31 128 159]
  [ 21 114 147]
  ...
  [ 41 141 172]
  [ 38 139 170]
  [ 41 146 180]]

 [[ 46 143 171]
  [ 56 158 185]
  [ 44 147 176]
  ...
  [ 42 145 176]
  [ 37 141 172]
  [ 35 142 173]]

 [[ 47 144 171]
  [ 42 145 172]
  [ 38 141 170]
  ...
  [ 41 144 175]
  [ 31 135 166]
  [ 32 138 171]]]",Chihuahua
"[[[138 128  88]
  [ 96  95  66]
  [102 105  82]
  ...
  [248 231 201]
  [251 234 204]
  [251 234 204]]

 [[151 141 101]
  [100  99  70]
  [ 92  95  72]
  ...
  [250 233 203]
  [253 236 205]
  [253 236 205]]

 [[169 159 120]
  [ 96  95  66]
  [ 99 101  78]
  ...
  [251 235 202]
  [252 236 203]
  [252 236 203]]

 ...

 [[249 234 205]
  [249 234 205]
  [249 234 205]
  ...
  [250 235 206]
  [250 235 206]
  [250 235 206]]

 [[248 233 204]
  [247 232 203]
  [246 231 202]
  ...
  [250 235 206]
  [250 235 206]
  [249 234 205]]

 [[247 232 203]
  [246 231 202]
  [245 230 201]
  ...
  [249 234 205]
  [249 234 205]
  [249 234 205]]]",Chihuahua
"[[[168 121 115]
  [185 138 132]
  [199 152 143]
  ...
  [ 19   5   8]
  [ 18   6   7]
  [ 18   6   9]]

 [[170 123 117]
  [182 135 129]
  [200 153 145]
  ...
  [ 17   5   7]
  [ 15   5   5]
  [ 15   5   7]]

 [[173 126 120]
  [178 131 125]
  [199 152 144]
  ...
  [ 15   6   7]
  [ 14   5   5]
  [ 14   5   6]]

 ...

 [[ 97  67  56]
  [ 77  48  38]
  [ 58  30  24]
  ...
  [164 116 106]
  [163 115 105]
  [160 112 103]]

 [[ 24   3   2]
  [ 25   4   1]
  [ 39  16  11]
  ...
  [160 112 101]
  [156 108  98]
  [157 109  98]]

 [[ 81  48  40]
  [107  73  64]
  [131  94  85]
  ...
  [154 106  92]
  [150 101  87]
  [153 104  91]]]",Chihuahua
"[[[159  58  61]
  [160  50  58]
  [188  62  82]
  ...
  [253 194 171]
  [240 175 150]
  [219 150 125]]

 [[212 112 131]
  [205  94 114]
  [207  77 102]
  ...
  [230 167 137]
  [224 160 122]
  [188 124  82]]

 [[251 160 183]
  [235 132 153]
  [203  81 102]
  ...
  [175 123  95]
  [189 134  89]
  [148  92  38]]

 ...

 [[ 72  93  55]
  [ 57  78  46]
  [ 37  58  42]
  ...
  [ 70  73  42]
  [179 179 140]
  [181 165 109]]

 [[139 142  90]
  [ 88  95  54]
  [ 37  50  29]
  ...
  [126 140  98]
  [146 163 115]
  [125 129  65]]

 [[103  99  38]
  [ 93  96  36]
  [ 69  84  38]
  ...
  [ 97 120  81]
  [122 154 108]
  [132 152  93]]]",Chihuahua
"[[[128 157  63]
  [130 159  65]
  [130 159  66]
  ...
  [130 157  87]
  [126 154  80]
  [123 151  74]]

 [[132 159  67]
  [135 162  70]
  [137 164  72]
  ...
  [126 153  82]
  [122 150  76]
  [120 148  72]]

 [[137 161  74]
  [137 161  74]
  [138 163  73]
  ...
  [125 152  81]
  [121 149  75]
  [117 145  71]]

 ...

 [[112 149  83]
  [106 144  73]
  [ 96 134  56]
  ...
  [100 132  61]
  [ 69  99  32]
  [ 73 100  36]]

 [[104 137  74]
  [ 90 124  55]
  [ 69 104  23]
  ...
  [109 142  55]
  [ 98 130  42]
  [109 137  61]]

 [[ 82 113  45]
  [ 60  91  22]
  [ 69 102  22]
  ...
  [115 145  61]
  [120 154  68]
  [126 157  80]]]",Chihuahua
"[[[ 64  64  52]
  [ 64  64  52]
  [ 67  67  55]
  ...
  [136 145 144]
  [153 164 161]
  [199 207 200]]

 [[ 65  65  53]
  [ 66  66  54]
  [ 65  65  53]
  ...
  [159 166 165]
  [201 207 207]
  [216 223 222]]

 [[ 65  62  50]
  [ 69  66  55]
  [ 69  66  55]
  ...
  [203 209 209]
  [214 217 219]
  [212 219 224]]

 ...

 [[ 20   7   5]
  [ 18   6   4]
  [ 18   8   6]
  ...
  [ 77  59  40]
  [ 84  67  46]
  [ 82  70  52]]

 [[ 23  12   6]
  [ 17   9   4]
  [ 15  10   6]
  ...
  [ 60  47  23]
  [ 71  52  29]
  [ 87  73  53]]

 [[ 23  12   5]
  [ 20  12   7]
  [ 18  13   9]
  ...
  [ 73  60  36]
  [ 68  49  25]
  [ 68  51  27]]]",Chihuahua
"[[[139 164 106]
  [143 168 111]
  [142 166 114]
  ...
  [146 172 124]
  [149 175 127]
  [151 175 129]]

 [[155 180 129]
  [159 183 134]
  [157 180 134]
  ...
  [147 173 126]
  [147 174 126]
  [148 177 127]]

 [[150 172 131]
  [151 174 132]
  [148 171 130]
  ...
  [145 172 124]
  [140 168 118]
  [131 163 109]]

 ...

 [[107 145  65]
  [111 144  72]
  [107 139  66]
  ...
  [114 152  73]
  [110 146  77]
  [125 157  90]]

 [[102 133  57]
  [105 134  74]
  [117 150  83]
  ...
  [108 145  64]
  [ 98 139  69]
  [112 145  82]]

 [[103 128  52]
  [144 166 107]
  [141 166 102]
  ...
  [ 93 130  47]
  [ 98 139  68]
  [121 154  91]]]",Chihuahua
